Loan_ID,Applicant_Income,Coapplicant_Income,Loan_Amount,Loan_Term,Credit_Score,Interest_Rate,Loan_Status,Property_Value,DTI_Ratio
LOAN00001,55795,4188,935700,15,383,4.168141979184329,Approved,1147057,41.85758292383255
LOAN00002,40860,49823,856097,25,753,6.45779101295685,Approved,1237812,15.404551513872455
LOAN00003,143694,10161,941047,20,813,4.756470565146275,Approved,1464870,31.936968179602765
LOAN00004,116820,28732,706791,15,686,3.4172109820171723,Approved,1572089,11.008041319128154
LOAN00005,94886,11314,354346,15,649,6.774870097807372,Approved,955855,32.5301932213731
LOAN00006,46265,23954,709996,20,595,6.912799383861737,Approved,1727001,19.700052315567596
LOAN00007,122386,21508,815472,15,557,4.83154878070085,Approved,704280,25.7386942014302
LOAN00008,77194,21969,726759,20,380,2.8784986365489376,Approved,1161942,22.08425932199686
LOAN00009,127498,45659,878513,30,567,4.439130449584656,Rejected,265140,16.046486468617346
LOAN00010,84131,37545,257661,20,718,6.517688297313017,Approved,325993,31.769327653285593
LOAN00011,100263,36668,785375,30,534,7.008870142731143,Approved,1844089,40.86914442992126
LOAN00012,56023,23061,260081,20,610,3.5173637124879793,Rejected,1671161,43.567948479884116
LOAN00013,81090,13716,969741,25,656,2.8348680601263574,Approved,1003349,16.732122710387028
LOAN00014,107221,39749,488590,25,512,6.886752265664193,Approved,1534410,35.10804709220407
LOAN00015,104820,39144,817406,30,348,4.447024694894377,Approved,1494955,33.25187783119888
LOAN00016,40769,16907,993093,30,426,5.208804821337816,Rejected,360047,22.01822263511004
LOAN00017,99735,18777,781503,25,522,7.3403290602537945,Approved,1741986,10.668471977380404
LOAN00018,102955,27693,106154,30,578,2.832823639571114,Approved,436100,34.14269365595031
LOAN00019,104925,42928,777164,20,707,5.741590037260478,Approved,213879,43.0923201195825
LOAN00020,107969,26329,164288,20,804,2.8705271128743353,Approved,732848,32.1242042670478
LOAN00021,45311,46892,151195,25,593,4.377344642332502,Approved,1188939,25.235245346567194
LOAN00022,143355,16282,382725,15,576,6.519072725967233,Approved,522454,28.380386293906994
LOAN00023,144724,23624,545864,20,737,4.667361163778172,Approved,874045,16.987008268097114
LOAN00024,123104,23321,392231,30,406,7.485911769514752,Rejected,1092164,36.269045731380814
LOAN00025,93707,10488,805290,15,719,5.295296424733011,Rejected,1195533,36.124694050344715
LOAN00026,125305,22574,264053,15,728,4.105810763179767,Approved,1435844,15.093105513559873
LOAN00027,68693,5240,693586,20,674,3.6005566295237657,Rejected,629280,40.72924338748807
LOAN00028,111932,43221,932599,20,372,4.252602671430809,Approved,1706232,19.421640881565686
LOAN00029,133016,10478,830664,15,329,4.362666368797754,Approved,937600,44.378962132781524
LOAN00030,146970,45162,536624,15,487,2.843568388619805,Approved,457268,23.401605491303602
LOAN00031,65658,19262,139499,25,663,4.347870997133866,Rejected,1889833,16.22594205570749
LOAN00032,124478,4432,487960,30,750,4.821192598696125,Rejected,820392,22.31020389709783
LOAN00033,58431,29721,545485,25,494,6.113688761194023,Approved,1513517,25.40631150440176
LOAN00034,42747,13568,793919,20,455,5.7836474236080395,Rejected,1635619,12.42577205634032
LOAN00035,99150,14178,345198,25,471,6.043828276145771,Approved,1988524,30.237643342815133
LOAN00036,105725,22195,567535,25,340,2.5418184093842857,Rejected,1349399,30.917135395411513
LOAN00037,124654,302,867285,25,362,3.5883369979026805,Rejected,704661,35.86256593723152
LOAN00038,75773,17022,720635,25,322,5.808421441999283,Approved,272026,11.020946230176015
LOAN00039,107435,55,410931,30,659,4.919946840898736,Approved,1228846,28.943337505184054
LOAN00040,96886,45781,397632,30,374,2.5265673783417295,Approved,1077890,11.851760164473253
LOAN00041,106803,8717,436585,15,417,6.522473212159111,Approved,1431507,34.54004769883287
LOAN00042,71551,28699,830023,20,679,6.364047866451687,Approved,1918753,11.950479499534456
LOAN00043,51394,8150,122431,25,589,5.242095814967813,Approved,1263760,41.91047469195715
LOAN00044,109092,2125,423825,15,739,2.832316628881361,Rejected,657532,34.57288984095738
LOAN00045,43890,44247,294555,15,306,6.332575247662923,Approved,885053,27.758641777980497
LOAN00046,81606,48513,747008,15,495,5.418567938656819,Approved,712167,25.452637314841123
LOAN00047,136276,16748,673441,30,720,6.409799885789796,Rejected,1172560,14.573542064464183
LOAN00048,120038,39577,368512,25,492,6.2587349619792025,Rejected,461741,20.18497863476321
LOAN00049,127313,4621,998792,25,447,6.515010359789185,Approved,1106636,40.41356867573137
LOAN00050,50627,15034,276076,20,501,5.090040332023124,Rejected,153626,41.65584840468729
LOAN00051,48792,46391,319724,25,743,3.201622590967575,Approved,1808800,10.026169792968588
LOAN00052,148859,5126,999187,25,718,5.8557873668984435,Rejected,1693971,30.794773701714295
LOAN00053,148557,5122,681273,15,726,5.602368925259853,Approved,1957737,35.17552131587898
LOAN00054,113969,18030,936501,20,778,6.211265935995436,Approved,1804379,31.65614438601622
LOAN00055,83001,17302,414470,25,774,3.3494050302536764,Approved,358137,12.858791770322389
LOAN00056,116552,19181,733025,30,425,3.474875999501446,Approved,1778254,17.62037145796158
LOAN00057,63897,38638,836421,25,694,6.952047586096643,Approved,1084149,18.76190935834851
LOAN00058,108148,1531,778758,15,624,6.249888992260354,Approved,897320,39.11036209567814
LOAN00059,63483,40940,853753,30,691,7.041142443501615,Approved,1777008,26.211980270812216
LOAN00060,88555,40441,150861,15,739,6.293576605819604,Rejected,294454,27.03898741794329
LOAN00061,57159,23333,438041,25,503,5.48577652995151,Approved,1726889,42.7212566294078
LOAN00062,146530,39650,312977,30,785,5.770663685139368,Approved,586442,32.29800610991504
LOAN00063,120077,34674,751406,20,330,6.945639619700049,Approved,1540100,41.45336955434323
LOAN00064,75920,35854,955009,20,687,5.394033772559703,Approved,404043,25.977809936953655
LOAN00065,132067,46271,821001,30,733,5.661956621641937,Rejected,793198,15.230269048140297
LOAN00066,107121,8152,109078,30,675,3.282383580018003,Rejected,612927,42.547745792593
LOAN00067,109479,38518,424912,15,643,4.869606100580514,Approved,770343,26.054679048363838
LOAN00068,129475,45540,675335,30,742,6.081985559790494,Approved,1586909,16.357099765758765
LOAN00069,59457,10267,958058,15,374,3.854713491581827,Rejected,880070,20.58385091063728
LOAN00070,106557,25289,944092,25,454,3.5112709026226745,Approved,1070947,11.778090639112978
LOAN00071,117189,1062,859746,15,729,4.069134041122078,Rejected,957827,26.39052070097348
LOAN00072,149109,29926,495141,30,662,3.7075031399641674,Approved,1995733,39.859486016858284
LOAN00073,118953,6229,315048,30,747,3.5745631851819795,Rejected,1756325,42.67531596023413
LOAN00074,92995,49277,860581,25,533,4.624254214340435,Approved,1456648,42.64107726262753
LOAN00075,80757,47915,742120,30,561,7.03919256941767,Approved,1763979,14.383050897006136
LOAN00076,49692,4632,749438,30,424,5.035298233693592,Rejected,260084,23.371885887886997
LOAN00077,85758,39056,257087,20,544,3.439601904076615,Approved,1164391,10.988006587774723
LOAN00078,112409,3596,133320,20,841,2.8848583469043705,Approved,495876,39.93078707400154
LOAN00079,111211,44243,427025,25,784,5.980780725689626,Approved,1179649,22.556451670744583
LOAN00080,105697,6168,715115,15,421,4.413993822181939,Approved,623006,32.08909597622822
LOAN00081,77065,42563,613287,20,424,6.609154732926797,Approved,1540277,35.0214453327051
LOAN00082,132093,7561,464359,15,848,5.7975538432038505,Approved,1007692,25.04456344101044
LOAN00083,139299,8258,359931,30,469,6.4812072527068425,Approved,1882626,20.725481779258505
LOAN00084,72606,16616,506845,20,423,3.8597301970922437,Approved,937839,43.67745185405806
LOAN00085,51534,26734,947982,25,334,5.96179461230529,Rejected,223568,43.7570878758349
LOAN00086,134663,6371,649114,25,386,3.820309923468594,Approved,1257136,20.130272881050768
LOAN00087,80397,26069,200734,25,500,7.195342397251458,Approved,1114844,26.78687838605603
LOAN00088,131387,14369,257702,20,668,5.681871407666872,Approved,1347442,44.049545553100785
LOAN00089,41016,12910,854122,15,376,4.122559000876711,Approved,1349529,10.170394267942612
LOAN00090,129789,7943,277235,30,358,3.8475593114613633,Approved,1940228,24.443738693270223
LOAN00091,95591,12199,198511,15,730,3.4546329253582178,Approved,911058,13.516014238833895
LOAN00092,129812,15728,373797,15,799,5.973204794468639,Approved,376024,27.820528794691093
LOAN00093,63247,23275,783321,30,408,3.5935780649896367,Approved,1379351,10.86344840891705
LOAN00094,64300,6738,706229,30,577,5.4765163296374455,Approved,1111858,24.241445098671974
LOAN00095,114065,15913,829497,20,367,3.8231751346267866,Approved,241288,17.72446761748673
LOAN00096,122798,35240,920094,20,368,5.809844723969343,Approved,621678,28.665792686055926
LOAN00097,49268,19123,198818,20,464,6.574698642702696,Approved,1579740,44.85977771852449
LOAN00098,126807,48447,252360,20,788,6.3901262157232654,Approved,1035733,38.01876367943617
LOAN00099,52185,34529,877915,20,604,6.3042566546539085,Approved,1972700,39.597473206854744
LOAN00100,103704,10167,719369,30,664,3.4386120284612605,Rejected,164390,32.23427455756783
LOAN00101,126779,10554,661165,15,678,2.9419247349225937,Approved,647619,11.45459468952905
LOAN00102,79099,17260,473706,20,642,5.994744142436928,Approved,368547,17.237918661545045
LOAN00103,48571,47045,311957,20,653,4.341736068971756,Approved,701595,42.37725947564692
LOAN00104,145512,3812,172715,15,715,4.661731132016737,Approved,377436,22.813959127506294
LOAN00105,78044,28024,241398,20,408,2.655745463966955,Approved,375121,13.627285426827846
LOAN00106,91214,27285,734379,15,796,3.797882246375246,Approved,401063,34.58418780531707
LOAN00107,101228,26900,619052,15,640,2.66838201937232,Rejected,1223078,20.48102033769891
LOAN00108,88984,1605,232632,30,682,6.8959288630062385,Approved,1745350,19.40999195164601
LOAN00109,80774,5622,965580,25,832,3.7169834160926523,Rejected,1572533,44.929210944539115
LOAN00110,42568,6767,183186,30,599,5.286685847865041,Approved,1892194,40.0348623759329
LOAN00111,102592,27139,787250,25,438,2.694896603305652,Approved,1911652,24.277823642874438
LOAN00112,107563,11613,251094,25,658,5.83423695652829,Approved,378300,44.309142273577464
LOAN00113,42695,10589,694604,25,798,4.115136728770469,Approved,253920,32.75396281967248
LOAN00114,88190,13918,128380,20,684,6.989595934788329,Approved,1935430,35.97078581579161
LOAN00115,45258,20119,734486,30,579,6.940590944670179,Approved,1168056,11.102956507877405
LOAN00116,127538,27446,364500,25,782,4.126453091808739,Approved,1543488,14.256184077181999
LOAN00117,79504,13046,170326,15,410,7.004804478452339,Rejected,1078252,32.157979427368346
LOAN00118,73159,24818,978879,20,438,7.480788367493894,Rejected,737073,41.46583939273194
LOAN00119,53986,35358,739282,30,734,6.627078320619741,Approved,750338,31.831030413065847
LOAN00120,101858,4324,320971,25,808,6.7243567387761445,Approved,697026,14.690871301164712
LOAN00121,52666,10787,906481,15,572,3.7450436805454497,Approved,224231,14.051601618621362
LOAN00122,78660,9111,568933,30,398,5.3835119942887815,Approved,223606,39.54650635384286
LOAN00123,43561,38110,991793,30,403,2.8362795698368393,Approved,1685093,14.875581854777
LOAN00124,66854,16389,902514,20,513,2.9745896841083486,Approved,1502382,28.20811861764089
LOAN00125,104505,41427,887093,30,464,7.494463060166453,Approved,1579033,11.29896619868058
LOAN00126,144488,14043,268484,20,819,4.133196247129555,Approved,1425945,12.823441858691208
LOAN00127,92251,28746,889352,25,583,6.240919560244231,Rejected,643896,33.532189367500266
LOAN00128,62662,22350,584410,20,816,6.533325265134082,Approved,306688,34.12134936496308
LOAN00129,48392,41605,869666,15,463,6.790116355036146,Rejected,645898,21.951429231295485
LOAN00130,70535,117,441705,20,363,7.4881414870107825,Approved,1471902,17.546341783506566
LOAN00131,118603,46685,895378,15,390,3.707482426284339,Approved,1166382,38.47985947650578
LOAN00132,92256,18935,325314,20,416,2.7017541342984988,Approved,1653805,17.598613031446163
LOAN00133,129135,47077,538716,30,566,4.55595758997293,Approved,312403,28.97094743832329
LOAN00134,75222,13234,859900,25,439,3.1504033491447347,Approved,851458,43.88730943020169
LOAN00135,117373,38328,902741,15,545,2.6121294458102757,Approved,1224704,15.174835325183432
LOAN00136,119575,846,679518,20,694,4.302134135707431,Approved,1230132,42.93066936231481
LOAN00137,136354,10954,998254,20,786,6.418691255376182,Approved,1457046,16.401256857403403
LOAN00138,124651,13703,591872,20,775,5.3309034561253545,Approved,1875812,29.860512280813033
LOAN00139,103335,48153,616998,30,816,4.06388994605177,Approved,1338597,23.19526991855606
LOAN00140,50965,46514,619984,30,483,5.771710027463598,Approved,726250,43.772501052563904
LOAN00141,64538,22700,565757,15,319,3.6600909015440535,Approved,1812918,19.57397101506779
LOAN00142,148066,32043,474484,15,823,2.5719072303604253,Approved,667200,23.988030073001376
LOAN00143,110592,6469,608062,30,828,6.321766932182137,Approved,1400854,44.400104124939716
LOAN00144,138018,30105,683609,15,446,5.618715424320046,Rejected,1746963,28.77646369159656
LOAN00145,48110,42101,232028,25,603,6.3115131225048,Approved,1434519,27.592054046743872
LOAN00146,119309,26386,331447,25,527,2.694690083438328,Approved,1080220,19.022247087139696
LOAN00147,67266,49376,960563,30,401,6.685598139153261,Approved,333683,34.54772461086545
LOAN00148,92992,45587,541124,15,716,5.597631000181517,Approved,1892821,10.503053312222217
LOAN00149,122948,36976,912395,20,515,5.316976753563201,Approved,1513864,11.732942039580273
LOAN00150,138806,39051,726045,25,706,5.623070240572658,Approved,1394868,30.977550549753094
LOAN00151,46910,2048,532659,30,698,6.822166234341821,Approved,682125,21.958610083645894
LOAN00152,130982,39001,985691,15,798,5.434682532794535,Rejected,1379003,43.36607302703362
LOAN00153,40206,12941,401207,30,764,5.404751899440896,Approved,1376947,41.611674175297495
LOAN00154,127054,45375,476369,20,381,7.453395785328829,Approved,1086663,34.979719053684754
LOAN00155,127897,42533,478544,25,664,6.28365083534284,Approved,1053112,38.63509533947305
LOAN00156,63419,1828,442962,30,462,4.711469027255676,Rejected,922291,33.35661473836927
LOAN00157,90636,1917,366847,30,347,6.036985000164639,Approved,1567522,14.395373594855624
LOAN00158,90015,20618,820488,30,810,4.446152358458942,Approved,1183879,36.79401793912209
LOAN00159,147059,32254,696387,20,628,3.644377312417495,Approved,776701,17.356718905159624
LOAN00160,94268,39756,519065,30,415,5.484259384438797,Rejected,201012,21.320499928506887
LOAN00161,127939,47362,787220,20,636,7.140910490569757,Rejected,280193,38.67319742358471
LOAN00162,58141,20128,131585,20,446,7.145697600077313,Approved,1126809,28.778396293770687
LOAN00163,120356,45745,515231,20,622,4.209526390527452,Rejected,368168,40.09792499641932
LOAN00164,145878,9,667873,25,742,5.138387331108475,Rejected,298178,17.456236194514247
LOAN00165,111910,16644,389102,25,312,3.5581794928493062,Approved,208123,31.27224535124105
LOAN00166,96044,22422,388161,30,793,7.478155547494417,Approved,261825,12.932684039189157
LOAN00167,107214,9865,486821,30,586,7.405589539339679,Approved,1731584,32.507134773901036
LOAN00168,73827,2219,915858,25,413,5.747544648537237,Rejected,1367309,36.68869132214371
LOAN00169,95820,39809,379922,15,779,6.522070298387367,Approved,920391,30.47258128925526
LOAN00170,102623,5287,800601,25,321,6.0755008064185,Rejected,1423546,19.31810255245836
LOAN00171,121734,34387,142229,20,648,5.465791095197341,Approved,374866,11.096993410060335
LOAN00172,115450,8512,186652,25,619,2.7667399849444885,Approved,1174208,14.180710938750002
LOAN00173,133426,1342,349474,20,425,4.773821712763305,Approved,1088624,31.780604267590917
LOAN00174,62299,43336,803724,30,576,5.8739315108370524,Approved,1349438,42.70470758948798
LOAN00175,83585,19216,360116,15,503,5.887658069418423,Rejected,732943,17.228704139020223
LOAN00176,149225,27534,971310,30,493,4.365613092111918,Rejected,865003,35.72591521867846
LOAN00177,104044,14231,943488,20,846,7.208459933290153,Rejected,1816312,40.32578721371645
LOAN00178,82557,32293,620985,20,585,3.3367851611839052,Approved,328446,28.230876245662888
LOAN00179,89080,26614,119975,20,356,5.001797231077803,Approved,848267,33.42430285452802
LOAN00180,149556,36258,257795,15,602,5.954419882754114,Approved,1379719,38.52553608366519
LOAN00181,42693,28253,516495,25,462,5.985679029459046,Approved,1843371,19.123630520920777
LOAN00182,135003,42078,309373,30,318,5.7431947838440776,Approved,446956,20.3913485993815
LOAN00183,135259,40752,297133,30,669,3.876441067259301,Approved,986002,10.021963081995967
LOAN00184,109163,17988,974829,25,563,3.2810328434331097,Approved,1511621,43.70829458142309
LOAN00185,65939,31037,804513,30,412,5.679701634133554,Rejected,1258762,42.11407131087207
LOAN00186,88925,12219,395286,15,787,5.496510580697189,Approved,1320642,36.75988923158006
LOAN00187,82941,235,913348,30,626,3.3967800514462048,Approved,540508,12.767660734182684
LOAN00188,61834,42929,688612,20,841,6.025695727852817,Approved,1904187,25.662601139482785
LOAN00189,58047,1908,276037,25,364,4.775859958668282,Approved,1919107,13.566211389004348
LOAN00190,66105,8567,488076,15,591,5.838802958015765,Approved,186160,10.557209354197951
LOAN00191,115766,36298,760008,25,324,6.686835398850754,Rejected,169156,31.566403782440904
LOAN00192,55707,5256,790493,15,848,3.348642142884616,Rejected,1274784,43.62902959780659
LOAN00193,61976,19019,720347,20,300,2.5957243399841836,Rejected,623196,41.60038082012525
LOAN00194,84262,8162,722605,25,848,6.395512931978934,Rejected,615536,34.38641852273915
LOAN00195,63776,5415,825495,30,440,5.54848712576308,Approved,823289,13.3824204457705
LOAN00196,70080,36159,397190,15,487,5.998197848110609,Approved,609822,19.595741318530507
LOAN00197,106842,43925,540280,25,427,6.690774874943212,Approved,1429802,21.201985440985183
LOAN00198,101373,5951,201459,30,500,6.5140546741225025,Approved,1654351,36.71025202109465
LOAN00199,46776,21852,861985,25,426,7.304600734644123,Approved,1645997,38.07872127322899
LOAN00200,132787,8007,300422,25,556,5.179675394260591,Approved,1964630,23.478714304647212
LOAN00201,95016,41832,932325,25,846,4.942478163299526,Approved,1660267,24.62593988161634
LOAN00202,49474,30523,201520,15,493,4.50943599945365,Approved,869701,11.557816374665997
LOAN00203,145830,23325,685560,30,403,3.2684552142210226,Approved,1031809,20.119785144656635
LOAN00204,98053,21204,847512,20,834,5.363036164410112,Approved,455007,25.794981201217396
LOAN00205,61959,15524,616123,15,564,3.885062621629894,Approved,887197,14.094406623484016
LOAN00206,45530,19282,429793,15,683,7.1065375610648776,Approved,215439,25.86436112642575
LOAN00207,134856,23930,426818,15,559,5.415954021385488,Approved,1861130,39.86115342902301
LOAN00208,43748,77,244832,20,713,5.464200902540551,Approved,1925323,30.34623569037687
LOAN00209,137504,40345,252999,30,657,4.274623304385051,Approved,795649,12.762544926344432
LOAN00210,138098,20611,448619,30,374,2.759946759888537,Approved,362986,16.7084961590596
LOAN00211,53545,16984,161367,30,654,2.658718826864943,Rejected,1395862,26.609052255549468
LOAN00212,106199,14060,853315,25,487,4.616675720765988,Approved,1691084,22.652050243763423
LOAN00213,74766,17449,505804,25,589,2.9228268904861894,Approved,179777,22.555445684113458
LOAN00214,113530,18520,857038,25,344,5.5342347777006955,Approved,1455003,28.524360685025655
LOAN00215,133557,43303,335806,20,382,6.904865028198287,Approved,1880119,30.45385725563101
LOAN00216,101087,9510,807593,25,422,6.914574082593611,Rejected,570661,37.89015495966669
LOAN00217,135839,29287,144738,20,657,5.795227050661162,Approved,348110,21.933829721186964
LOAN00218,108840,28173,657685,30,827,3.556159157364655,Approved,1183981,38.19131990642053
LOAN00219,94384,39711,444333,25,365,6.8149841567943605,Approved,1547921,21.85139301894214
LOAN00220,91005,11954,438511,25,674,6.930467176566041,Approved,564627,11.940154612943184
LOAN00221,86576,7804,302332,15,461,3.4832679247647933,Approved,855937,29.39656778516769
LOAN00222,79353,6565,482729,20,679,6.187130428853386,Approved,428011,30.576581371318508
LOAN00223,102003,5984,963051,30,657,3.932597744635615,Approved,1785365,42.708908596765106
LOAN00224,123211,21526,211453,15,487,6.513201561764649,Approved,1343914,35.4121464121866
LOAN00225,92733,37438,119816,15,621,7.486189499518013,Approved,840568,42.122042837305386
LOAN00226,105318,18574,869299,30,749,2.650130026646964,Approved,1700330,41.792152358505334
LOAN00227,149953,9184,965962,15,773,6.986829328954659,Approved,1844408,31.160093859038476
LOAN00228,129474,19096,516715,20,312,5.61315266799329,Approved,1623005,28.471672286775664
LOAN00229,63664,2192,471000,20,483,7.366913095824106,Approved,1861303,29.510433850726
LOAN00230,107172,34016,313567,25,410,4.825047587632138,Approved,1978094,44.24157826870367
LOAN00231,125616,11246,614933,15,807,6.736939652856869,Approved,709650,37.06086921114356
LOAN00232,133264,45558,695923,25,589,2.811970342991386,Rejected,400449,13.719306667733854
LOAN00233,66736,18381,994235,15,594,4.1763952503914785,Approved,463732,37.244994237349
LOAN00234,134209,36455,316184,20,750,2.83508268875605,Approved,1367933,15.968831711437906
LOAN00235,143041,26727,398090,20,514,7.376715667395352,Approved,1849547,25.657269215196898
LOAN00236,40854,4018,417348,20,326,6.584869536359184,Approved,930445,17.3660885261787
LOAN00237,130084,11302,282958,15,530,6.762737106229853,Approved,355827,34.13540729366304
LOAN00238,78623,1970,377707,20,620,7.189826157169471,Approved,352918,40.705840766756246
LOAN00239,47392,41157,192324,15,532,2.925517430598927,Approved,1497027,20.162665987833833
LOAN00240,95680,27202,323536,25,736,4.427987962566666,Rejected,1162671,12.870375942286568
LOAN00241,86717,31110,857232,15,832,2.8551744452200105,Approved,492424,20.447258432623713
LOAN00242,127092,17586,371991,25,702,3.553965507750143,Approved,1611659,33.532665027626805
LOAN00243,90859,24519,126155,15,352,3.646828885188362,Rejected,992955,21.506604464405747
LOAN00244,144095,31273,441815,25,612,4.845536055237893,Approved,1073882,19.733925864383117
LOAN00245,66309,21951,741179,20,580,3.842810837268213,Rejected,890045,16.455231670449272
LOAN00246,127455,15374,969742,25,330,3.0048905340888057,Approved,1306245,27.413074940605174
LOAN00247,103734,5788,560494,20,636,3.3374554454705385,Rejected,882318,19.658208985501567
LOAN00248,110467,5408,249381,20,482,3.2363778177604545,Approved,308998,35.585362219881915
LOAN00249,92662,25053,231691,25,322,7.365383989561492,Approved,1826079,12.681784069727096
LOAN00250,138506,9446,576410,15,843,6.296462534592369,Rejected,772995,33.24115615889612
LOAN00251,149751,922,543324,15,745,7.33880732634781,Approved,1604972,18.314600509871944
LOAN00252,52688,33187,134707,30,373,4.698702432539543,Approved,1815701,27.12477413680611
LOAN00253,65342,10789,618477,15,309,3.891842408313283,Approved,395847,20.01314727109412
LOAN00254,77157,32184,967969,30,783,6.491465986045934,Approved,1426120,35.29690366037785
LOAN00255,107863,1120,821864,15,755,4.131269590205734,Approved,1126006,43.08574640880728
LOAN00256,146308,44028,802974,15,459,3.9969168685267413,Approved,1024168,42.09768728144346
LOAN00257,92083,32154,846788,20,313,3.662529961039156,Approved,417614,30.41991753004319
LOAN00258,146081,17334,453299,30,477,3.1483948911211765,Approved,1426043,26.19136061399424
LOAN00259,105733,2336,886713,15,711,3.78231530508383,Approved,1344601,38.640517830378364
LOAN00260,129045,38141,258492,30,352,4.276598742369439,Approved,1958516,33.91642269197055
LOAN00261,74698,2243,574112,20,707,5.869971040728652,Approved,1106011,16.42474399759265
LOAN00262,120623,19029,270102,20,321,2.812824211097258,Approved,1710753,38.732172476455005
LOAN00263,62671,32265,494274,30,329,3.5525346983267148,Approved,1814357,25.010953628814857
LOAN00264,65184,37380,317285,20,559,6.545118201458382,Approved,942955,16.614498098991128
LOAN00265,133384,46714,438404,25,504,3.2346096179188537,Approved,1416571,19.862907263877236
LOAN00266,82107,43872,259476,25,358,4.2132257326126075,Approved,1911126,19.363446058691984
LOAN00267,126202,46197,858842,20,770,6.8232946092907,Approved,443313,28.172244111121103
LOAN00268,149893,23710,260928,25,765,3.274626555717213,Rejected,1768505,18.202953173725643
LOAN00269,91663,29486,764560,15,311,2.9136841780909495,Approved,304062,14.324827059055167
LOAN00270,55708,6371,950610,30,589,4.922689975400054,Approved,1752525,14.329179771481625
LOAN00271,131906,6359,396141,15,653,4.012097556392682,Approved,1867355,30.414666899868383
LOAN00272,89811,40631,743561,30,374,5.31704182241927,Rejected,1999465,35.716575109728254
LOAN00273,42811,35996,796595,20,740,6.5190244524173755,Rejected,1004032,21.25365530934193
LOAN00274,96250,20103,348500,15,540,3.1857424407637156,Approved,1826483,11.212774843490598
LOAN00275,112082,14382,790417,20,453,5.4034954227714245,Approved,1536822,14.452871042795376
LOAN00276,74754,18755,232311,20,395,5.027543801949319,Rejected,707373,42.014309611796996
LOAN00277,135742,35659,859034,30,593,3.220393930065998,Approved,1295640,27.274028085630857
LOAN00278,146642,3756,345546,30,508,5.619992427644912,Approved,856014,25.875048336531115
LOAN00279,51411,20609,296733,30,642,3.8682020893038582,Approved,1597922,11.331721240853183
LOAN00280,42911,48538,751233,15,387,4.939171592720062,Approved,1828587,35.50229578109147
LOAN00281,107270,16478,669560,25,689,2.9113616213853093,Rejected,283114,28.48238283262276
LOAN00282,123763,35442,975825,30,624,4.797920286068115,Rejected,1006566,17.072832763028227
LOAN00283,48680,39666,947644,30,456,4.032317340214101,Approved,641638,13.852581606337
LOAN00284,124896,10147,246470,15,436,6.611906055926772,Approved,707765,23.41857522711995
LOAN00285,123879,33561,744318,30,727,2.784893634986841,Rejected,1837025,39.3006687468259
LOAN00286,111295,34884,418647,15,751,4.59303637459165,Approved,834076,40.28530957203586
LOAN00287,128614,5779,106570,20,440,4.7921571206571905,Approved,1538857,31.099623313847275
LOAN00288,140689,12298,430929,30,382,6.125030381495593,Rejected,289133,35.463774953054994
LOAN00289,51111,14153,633398,30,476,5.371437875451055,Approved,1862545,14.030452559100462
LOAN00290,77504,43879,599115,20,497,5.836061685970906,Approved,1496091,30.58441229137492
LOAN00291,41802,10789,179141,20,720,6.385246428258781,Approved,915710,33.343799622051364
LOAN00292,48155,44165,112115,20,700,6.811014868290944,Rejected,495165,17.02494950198273
LOAN00293,113656,12999,139062,30,770,4.069377483612353,Approved,1612597,40.805415651859064
LOAN00294,79384,814,909343,25,517,5.190113526819514,Approved,420001,16.824885813235692
LOAN00295,87254,49497,728349,25,474,6.700540392195999,Approved,1865556,20.971707594625762
LOAN00296,61918,10541,394700,25,322,7.447255654825282,Rejected,1731041,31.71948964582105
LOAN00297,125981,24938,490479,30,534,6.947596555218816,Rejected,573327,32.342252279575575
LOAN00298,100713,2443,626257,20,312,4.357336313121884,Approved,1450418,34.47846593455785
LOAN00299,70306,10457,930185,30,400,3.475832586093252,Approved,1549298,13.920409957387198
LOAN00300,56646,10380,497686,20,835,4.9469626870329435,Approved,1812805,39.73125504749943
LOAN00301,86843,7783,221863,30,822,6.208207259180211,Rejected,932409,28.649649629914094
LOAN00302,136601,44241,896657,30,751,4.962845353766488,Approved,1734690,26.496262793677392
LOAN00303,130735,17368,601076,20,730,4.9159043165683425,Rejected,1867826,44.33841685797284
LOAN00304,147512,15328,747296,25,832,6.691152105409003,Approved,494572,35.91324039293569
LOAN00305,56371,26215,600726,20,592,4.307018895335932,Rejected,1708859,14.130210931678121
LOAN00306,117371,33595,778556,15,400,6.798973374058228,Rejected,800332,36.478870852918426
LOAN00307,42049,27306,730111,15,801,4.534024004758618,Approved,863391,13.333712689050433
LOAN00308,71616,19915,900101,20,603,4.1411655283916975,Rejected,1711232,10.96146968795447
LOAN00309,143727,39915,734965,30,839,4.769949555998495,Approved,655350,24.1269063344464
LOAN00310,60932,37219,871246,15,654,6.312234793374342,Approved,487164,44.77523604867265
LOAN00311,69855,15343,148320,15,602,3.1300101393199715,Approved,1728359,16.12093776682019
LOAN00312,101434,46403,596758,30,795,3.482096079360087,Approved,1227057,33.54255202343765
LOAN00313,112694,38727,246649,30,526,7.2572241283154595,Approved,816627,16.068862317214176
LOAN00314,83016,126,225354,25,535,3.377458136906787,Approved,1054329,35.36754412354351
LOAN00315,47400,27632,712297,30,754,5.338636589655273,Approved,911062,27.687378388323914
LOAN00316,82642,41563,881725,20,312,5.396572333309689,Approved,287815,33.79900985312817
LOAN00317,55151,44409,548625,20,509,4.9481223102512235,Approved,777763,17.10056115699821
LOAN00318,91407,20530,128625,25,696,5.7237262428840925,Approved,854133,36.096991638217574
LOAN00319,106690,39964,836400,15,399,3.6491336289880922,Approved,469186,44.84666708679473
LOAN00320,44499,44327,386233,15,330,5.2633113388837405,Approved,199476,33.2977675219086
LOAN00321,46295,3368,136487,30,827,4.360866276234486,Approved,1195471,27.271799932550717
LOAN00322,99040,3797,559054,20,628,5.808336298145945,Approved,1946041,42.31108960167427
LOAN00323,52183,47882,328071,15,465,3.206117716865747,Approved,440696,10.55481447811567
LOAN00324,69299,13718,996880,25,758,5.354387084197381,Rejected,870602,35.54732317500374
LOAN00325,52874,34560,588011,25,399,3.4263517769166185,Rejected,1637564,41.10612808848345
LOAN00326,72711,11053,412282,20,472,3.893215315575182,Approved,834308,12.15861042673351
LOAN00327,45539,22116,273895,25,461,3.593549001617916,Rejected,1405959,25.752245964551538
LOAN00328,147941,36244,530424,25,562,3.4141888993440856,Rejected,219093,17.165180888249964
LOAN00329,93351,36185,416205,20,573,6.628554757803335,Rejected,1791987,29.828135795574052
LOAN00330,101267,1645,201376,30,302,3.9285378383044516,Approved,166535,32.73400355112812
LOAN00331,88354,47523,525106,30,327,7.135618909322247,Rejected,478634,20.591811402506423
LOAN00332,42557,19256,965566,25,625,7.349632626725954,Approved,1769426,26.09935843873353
LOAN00333,78360,35840,933487,30,448,5.356302349685487,Approved,1579762,19.776881984679584
LOAN00334,122018,34622,867629,30,839,3.215005613328632,Approved,406323,22.928690755928983
LOAN00335,42200,37430,381652,25,787,4.372741216897906,Approved,408916,15.583898484094824
LOAN00336,108497,39282,572132,30,737,6.48866131674107,Approved,863895,40.9945805254971
LOAN00337,86975,2708,258056,25,364,4.336953643485352,Approved,1428639,10.350364369569775
LOAN00338,61357,11694,734457,15,655,2.9350860915139436,Approved,191269,40.8843215255326
LOAN00339,117505,9524,894557,20,832,5.28392455464094,Rejected,1279250,30.00876074224085
LOAN00340,42869,31880,660347,20,551,6.725604257480174,Rejected,978894,21.60802454619561
LOAN00341,101135,39224,562785,30,534,6.479631935717512,Approved,1070631,35.306999391111546
LOAN00342,90108,36980,727697,30,526,3.375615700651766,Rejected,435291,27.771325315193252
LOAN00343,134179,32409,599653,30,824,5.863823072062333,Rejected,588744,27.46880303376623
LOAN00344,130272,13224,629992,20,612,3.6025213171782355,Rejected,1799959,13.854979902163826
LOAN00345,78467,40738,828744,15,348,3.5910376727608613,Approved,918460,23.633060908089305
LOAN00346,63328,25150,842488,15,417,6.870358866525926,Approved,1922867,18.43725210498578
LOAN00347,131412,49688,735567,20,353,3.7483447637011507,Rejected,240925,10.549356695869788
LOAN00348,126831,34393,782568,15,343,3.816236732590056,Approved,740669,22.603487077373963
LOAN00349,43987,43082,742804,20,352,2.5032669538064978,Approved,1822332,13.143774529896167
LOAN00350,98871,7973,622828,15,824,6.8533451706275885,Approved,1440906,18.98905132038148
LOAN00351,62399,8577,578366,25,401,6.462974066045674,Approved,1106176,13.238081741408305
LOAN00352,86214,8070,821384,25,697,5.63664467545339,Approved,1212307,13.53295689447396
LOAN00353,139522,8666,519139,20,437,6.251328819694211,Approved,1585367,16.96539530453159
LOAN00354,126416,36368,619777,15,686,3.260242837122459,Approved,1690450,44.99472355702401
LOAN00355,110271,6783,476188,30,410,4.791617972937877,Rejected,1773888,10.076445000003707
LOAN00356,84064,45994,332549,15,316,4.256096936743905,Rejected,1839576,32.353542264214184
LOAN00357,110091,41914,653453,25,481,2.9688826312850827,Approved,1299697,14.943529430929507
LOAN00358,147450,4971,691491,25,835,4.93065242607462,Rejected,415976,42.22198478487715
LOAN00359,80818,13490,584965,15,840,7.103698251713177,Approved,1755196,13.277151266677024
LOAN00360,85525,45719,890546,15,470,2.7002955952534724,Approved,162467,43.427211549418274
LOAN00361,59830,45080,136321,30,708,3.9573045674689693,Rejected,1239601,31.382423561921726
LOAN00362,57429,1990,435441,30,677,3.5377046810285173,Rejected,1342755,10.04438269204216
LOAN00363,46893,5299,983084,15,487,3.6907332683284815,Rejected,1195851,41.29025192708821
LOAN00364,119909,45765,985736,15,529,7.042172759396877,Approved,227994,28.25991304784214
LOAN00365,87333,19956,345014,15,418,4.840345271171451,Rejected,244202,19.19344073656696
LOAN00366,43436,22359,256498,15,455,4.831497064699094,Approved,717769,36.85477121304706
LOAN00367,114290,46240,117772,20,764,6.302878212276411,Approved,1594373,42.43329438604045
LOAN00368,116213,37148,990186,15,403,3.272461020024629,Approved,1797982,26.92917881013779
LOAN00369,45895,28734,890144,30,801,4.936326770500254,Approved,1584730,21.04437160550888
LOAN00370,59738,4757,494583,25,474,4.649926070605298,Approved,594854,37.61307933772244
LOAN00371,70746,19097,338389,20,720,5.48455345273328,Rejected,1846578,33.86249242259591
LOAN00372,89377,10395,739430,15,433,7.497788516252193,Approved,898987,41.106336931259534
LOAN00373,88404,16241,716024,25,690,6.347244470410235,Approved,310185,34.23799044664175
LOAN00374,94045,38356,151924,20,800,4.489328515087136,Approved,234363,18.52349186148377
LOAN00375,137888,27696,628014,25,332,6.637765261370235,Approved,475188,42.60807374156567
LOAN00376,79790,4944,451296,15,354,3.3535418165624007,Rejected,361027,13.669251152209696
LOAN00377,147455,46163,127723,15,818,2.6523184315448005,Approved,1128534,19.377996253739674
LOAN00378,45600,19816,858470,30,311,3.522241862321365,Approved,423958,28.206811270335997
LOAN00379,134660,49840,986926,15,827,4.202057780571298,Rejected,1560060,29.80097091248155
LOAN00380,133179,37011,764468,15,672,5.052903787297799,Approved,422168,10.53587053194169
LOAN00381,80764,24917,308786,20,783,5.575645702705999,Approved,1917224,37.3200454037329
LOAN00382,114543,31195,659931,30,527,7.0530285860721085,Approved,1045668,22.656256144888633
LOAN00383,85714,21566,786684,20,606,5.049270047752288,Approved,732124,24.224648935074825
LOAN00384,96835,9916,990328,25,756,5.006378223128647,Approved,1468155,38.3279340552931
LOAN00385,142946,20806,314432,15,459,2.7512150491149105,Approved,1134588,23.274918710464057
LOAN00386,149616,9984,239999,25,630,2.6745577632811193,Rejected,405095,11.652870677316418
LOAN00387,145983,1759,980112,20,524,5.255799809581861,Rejected,631632,16.17539196646226
LOAN00388,113744,41949,458690,15,803,4.690893066241722,Approved,1459752,43.456611033586384
LOAN00389,96491,26838,179973,15,755,6.695901974901493,Approved,1581591,12.464187684087996
LOAN00390,58589,2482,949881,20,344,3.303397923559226,Rejected,399717,22.42259203388057
LOAN00391,83484,24442,734122,20,513,2.624858310585248,Approved,1857343,27.611270846797062
LOAN00392,122989,33719,860674,20,358,4.7451938396506295,Approved,1231516,27.264828956849602
LOAN00393,76212,27965,553449,20,494,3.6873927837612874,Approved,679954,10.138598005424996
LOAN00394,83525,2079,387681,20,788,2.748071866694187,Rejected,1497842,27.540695601012164
LOAN00395,87202,2717,594509,15,456,6.122991434238145,Approved,1354740,23.43203602920932
LOAN00396,72635,27952,964008,20,525,3.0579649997862375,Approved,1066185,44.0227767416095
LOAN00397,103208,20908,731810,15,711,5.541597500038859,Approved,1059834,15.570567939784045
LOAN00398,73828,42460,646900,15,504,3.9052487508344456,Rejected,356717,22.395396886582326
LOAN00399,58711,24861,325049,20,378,3.36748025177511,Approved,1561910,24.68185197814369
LOAN00400,43420,7311,368615,20,423,4.398757614596587,Rejected,1561188,23.674273798533207
LOAN00401,136752,28071,266703,30,770,6.507228881114768,Approved,176505,33.30407896781519
LOAN00402,40301,23570,864357,15,517,4.460467884522863,Approved,1759577,17.542950014171907
LOAN00403,85236,18449,847419,20,815,6.253848246055279,Approved,597603,17.737504348489715
LOAN00404,106235,33536,131348,20,403,3.1274314839957533,Approved,979601,35.52238319752986
LOAN00405,94240,38258,295804,20,692,6.363857098325395,Rejected,1402930,27.510168153736288
LOAN00406,105726,48302,887609,30,733,3.6846666245332433,Approved,1800375,24.530448662005867
LOAN00407,50492,28865,235832,30,630,5.886965649444364,Rejected,1119246,15.922106808703813
LOAN00408,141279,6645,394923,25,442,5.328907774204982,Approved,362204,16.56345280192583
LOAN00409,46102,38000,383780,15,839,7.145723586058437,Approved,1449270,10.369307288556518
LOAN00410,90336,26737,706177,25,577,4.43661258987657,Approved,399836,13.199919410159824
LOAN00411,125314,11485,153551,20,532,2.830825944172202,Approved,908849,29.489354314158437
LOAN00412,66641,38565,504772,30,828,2.5957774277562646,Rejected,678168,41.215559550294344
LOAN00413,74584,25522,766923,30,389,6.634292804863765,Approved,586670,20.05076677956951
LOAN00414,72745,12342,671107,25,791,5.123678188307161,Approved,1123215,21.471152906364487
LOAN00415,63093,40806,435914,30,498,6.3762202591747466,Approved,717827,14.046196371402928
LOAN00416,106105,48770,520182,20,661,3.6721280000575733,Approved,390056,23.6020830962486
LOAN00417,143746,13087,312781,30,740,4.2254187275661685,Approved,1417633,11.30275965992652
LOAN00418,140199,37641,553105,25,325,2.6505193610565945,Rejected,1737663,42.11602436916651
LOAN00419,91885,34249,782347,20,324,7.3074616228705604,Approved,657800,33.5588971843585
LOAN00420,76631,10093,965146,25,693,5.8393395335040665,Approved,1303419,44.67620832876266
LOAN00421,112991,47190,813708,30,806,7.166025438796531,Approved,593942,40.89881069374728
LOAN00422,44014,16438,648884,25,600,3.8274820371453617,Rejected,198784,26.554670779435344
LOAN00423,51093,40411,950538,25,638,5.557318056128304,Approved,263034,28.188976090263193
LOAN00424,58070,26399,159182,15,566,5.892499841463189,Approved,584044,16.670161628101784
LOAN00425,75777,19846,449307,30,760,4.087748501287942,Approved,1923462,26.171376999384446
LOAN00426,96958,15708,401454,30,755,6.74054617507815,Approved,1252938,41.60597557224841
LOAN00427,122074,44039,418232,25,659,7.235807314501239,Approved,203997,11.779869827253739
LOAN00428,50729,49984,753091,15,367,6.924275588480022,Approved,331413,40.22448810494084
LOAN00429,139713,45368,239978,30,711,6.195334879696863,Rejected,1610865,21.93317305749134
LOAN00430,85017,10998,923346,20,790,3.88732339862477,Approved,1563119,41.482946778370845
LOAN00431,106320,47063,996782,25,348,3.9080802105281585,Rejected,950981,42.930796721951964
LOAN00432,67751,30678,669667,30,401,7.316801602230189,Approved,993352,33.48027104506671
LOAN00433,146400,10682,571828,20,515,2.55142247967846,Approved,890686,33.25483253074373
LOAN00434,145864,49148,870188,30,737,6.080249866210723,Approved,1667307,25.846401819805905
LOAN00435,118069,8519,358517,20,458,6.031230812776311,Approved,934752,39.24390785902976
LOAN00436,145647,31480,540097,25,788,5.613447704748987,Rejected,1612108,43.65644654516491
LOAN00437,145510,19694,408557,30,541,7.450544230434329,Approved,307255,37.127863011869174
LOAN00438,94748,3300,237084,30,304,4.059397178818626,Approved,1030292,31.767785681484824
LOAN00439,45801,6722,805475,15,660,4.199859318966241,Approved,698912,31.237751353746788
LOAN00440,59190,39986,893583,25,758,2.8946970147327775,Rejected,1916451,39.73144655542818
LOAN00441,89689,24160,682004,20,547,4.713990682718688,Approved,1957648,28.942131801995444
LOAN00442,144290,20059,980179,30,721,3.8052426311742407,Rejected,1677573,38.13509601870879
LOAN00443,90993,35822,848013,30,314,4.2169335108882215,Approved,720993,27.8109839310986
LOAN00444,69592,13575,791738,20,421,6.672858951278139,Approved,1812190,12.185549624087344
LOAN00445,50647,7970,798012,25,576,7.177422567637478,Approved,1618548,23.438145311645435
LOAN00446,48716,34911,303502,15,752,3.4286653600259283,Approved,996822,25.555433518502454
LOAN00447,128891,21591,244539,15,689,4.362544657767329,Approved,218369,14.956603574531602
LOAN00448,127545,31821,524226,30,593,7.143152810576971,Approved,1400469,13.587371521622448
LOAN00449,129912,9503,621863,20,745,2.8090423034461134,Rejected,1470309,28.741273237993394
LOAN00450,110316,47917,221999,30,509,2.9618026405568925,Rejected,1835876,12.980027279462876
LOAN00451,42368,18922,214793,20,601,3.3139549460311466,Approved,850146,20.603080876152937
LOAN00452,117575,12175,557373,15,522,5.476064170634373,Approved,900046,36.060894158707654
LOAN00453,46655,41124,470321,25,302,3.2523613550299872,Approved,797999,43.755126284879324
LOAN00454,146477,21389,112289,20,817,7.340381907253668,Approved,226425,35.1254703193175
LOAN00455,110031,47838,800336,15,392,4.733572636292601,Approved,646297,44.741894195850456
LOAN00456,116429,822,798956,30,819,5.007589801750832,Rejected,1738858,34.441828994779094
LOAN00457,131083,17327,855801,20,727,3.7332930790270327,Approved,1168543,20.282806472901463
LOAN00458,127922,47057,357368,25,792,4.854801262173668,Approved,261915,33.52183891768767
LOAN00459,95766,6150,186365,30,534,5.809568163185057,Approved,535105,34.575486781891634
LOAN00460,53403,4425,854950,30,460,6.255885684770214,Approved,633414,23.01044446157612
LOAN00461,72097,16032,275211,15,630,6.269340413549565,Approved,1303248,10.619984771328616
LOAN00462,118657,2198,279785,20,632,5.389455563470442,Approved,963071,34.611992467142045
LOAN00463,50966,20079,172588,30,349,7.021798874969286,Approved,1477925,10.759503334643957
LOAN00464,139157,36220,163646,25,822,6.587039236530547,Approved,468821,32.091582732102495
LOAN00465,133848,41874,365798,20,791,6.285240573493127,Approved,182930,15.726577105989428
LOAN00466,92921,13859,582238,25,571,2.778027608402303,Rejected,1271889,29.796123471181517
LOAN00467,89726,31419,905175,30,551,2.5343898110982463,Approved,899211,27.636955888321
LOAN00468,90300,8705,934800,25,389,3.5622363859773647,Approved,1311729,10.47297748071639
LOAN00469,62677,42880,845385,15,745,5.817617969567261,Approved,1684301,22.70030359482862
LOAN00470,95609,23236,829532,25,631,4.555987444412729,Approved,382911,31.038190858870596
LOAN00471,136825,22419,219735,20,438,4.512031296496559,Approved,1294634,39.70122931645729
LOAN00472,96661,19978,255683,25,656,6.922934441148069,Rejected,237876,41.102473984278106
LOAN00473,71024,37609,732259,25,573,6.977814240659193,Approved,759654,26.934748951162813
LOAN00474,148211,15358,636437,15,318,7.045876320267928,Approved,687691,35.49478705548033
LOAN00475,110313,34177,462246,25,610,4.069390382575136,Approved,1540772,21.075910178671016
LOAN00476,93006,29378,421333,25,453,5.955279063696309,Approved,922838,21.976524201553012
LOAN00477,135285,37334,863264,30,689,3.8581659063718483,Rejected,411420,16.80622317138098
LOAN00478,55338,11382,957463,30,559,3.453049165372249,Rejected,627843,29.668183849763377
LOAN00479,108027,14596,666956,20,424,3.4231622867368463,Approved,485639,21.009745282457782
LOAN00480,132772,33572,506889,30,653,4.21053810431797,Rejected,313004,12.952981375347676
LOAN00481,120135,13221,712492,30,572,4.6497880988991085,Approved,508234,33.97521303321126
LOAN00482,59508,1279,311830,30,544,6.654745855275342,Rejected,1497421,34.77136226618894
LOAN00483,43051,45960,296501,30,749,3.0994554673635606,Approved,546601,22.599734657267025
LOAN00484,88747,7083,516885,15,546,6.1746292369744715,Rejected,1975260,12.685318980960798
LOAN00485,127142,43861,265140,30,819,5.157274570946527,Rejected,731529,24.92042010911991
LOAN00486,127235,17771,844149,15,440,3.9397267133799625,Approved,815727,25.48174103175754
LOAN00487,94021,29975,240507,15,661,4.9640979226641235,Approved,215030,33.40348097142625
LOAN00488,106412,45648,325160,30,307,3.999710348885113,Rejected,1900441,21.03957369405392
LOAN00489,98335,48285,283321,25,777,5.4804097761915305,Rejected,1362980,33.89097479234569
LOAN00490,96179,19063,661672,15,651,4.669219614276221,Approved,1152682,40.502098961508594
LOAN00491,72093,2106,621998,25,794,3.3220276453943938,Approved,1405973,18.312011482676994
LOAN00492,109678,24557,706217,25,726,3.0829153727784835,Approved,629702,44.262184464196494
LOAN00493,120738,48854,700441,30,338,5.23347841036065,Approved,1617355,23.522884799788244
LOAN00494,79734,20607,859416,20,486,7.012065166430517,Approved,255185,19.35405398014716
LOAN00495,112615,37599,175388,30,392,4.219788432788428,Approved,1234980,24.752891387860167
LOAN00496,113523,28529,655689,20,385,6.165000536113116,Rejected,205182,13.303911656635071
LOAN00497,145103,35954,618727,20,343,5.793306774698834,Approved,1493711,14.399706727924048
LOAN00498,134476,27856,827191,30,436,7.157774571547405,Rejected,1827465,24.5051916438916
LOAN00499,142769,2573,743791,30,720,6.604905086495704,Approved,853023,36.6855582678685
LOAN00500,57019,12808,332601,20,373,5.333026294527315,Approved,1002318,41.51092838510718
LOAN00501,123613,35367,227834,30,847,5.785152491170536,Approved,1844866,33.26862967506948
LOAN00502,131794,36801,134084,20,811,6.991932332920174,Approved,495992,13.68268443333594
LOAN00503,126672,41196,351459,25,455,4.497593922934674,Approved,1091631,33.52069167631873
LOAN00504,113847,34072,734929,30,554,4.133973529288887,Approved,994124,32.23997722460402
LOAN00505,122750,23752,205111,25,470,2.554055418175982,Approved,1424037,38.201737140266594
LOAN00506,119634,17685,549042,15,469,6.632755370957321,Approved,970217,38.88370333282633
LOAN00507,68251,41401,529667,25,621,6.504903502016824,Approved,758434,40.38710765226426
LOAN00508,143481,11372,762587,25,755,3.022272590500757,Approved,1156630,24.494603010268442
LOAN00509,65945,8996,262982,20,454,5.384286905663501,Rejected,638195,34.42525383732505
LOAN00510,130852,16458,398185,25,648,4.819908490834437,Rejected,722285,19.388762562280874
LOAN00511,72217,31889,975352,30,750,3.0935454775455575,Approved,1730034,44.97676979942265
LOAN00512,48308,26665,427825,20,472,7.402841135303618,Approved,294375,16.136698448190096
LOAN00513,45949,38243,334386,15,309,3.5734794373167773,Approved,1532463,10.354005108129254
LOAN00514,91990,31653,443715,30,564,2.8361709004528057,Rejected,1669644,15.208305008136161
LOAN00515,41150,26657,296553,15,737,5.474236897509548,Approved,185187,37.15553013404443
LOAN00516,129480,39952,561792,25,546,6.194333385665163,Approved,1918970,25.637428677787405
LOAN00517,140235,22180,601174,30,845,2.662217230235935,Approved,1139280,25.66250867336499
LOAN00518,114740,31896,884625,30,798,5.793588193635111,Approved,807253,43.4258021864084
LOAN00519,106617,12875,751844,15,428,5.161459379757272,Approved,1867689,42.1872217809826
LOAN00520,134841,1622,295246,30,626,3.0163250443752423,Rejected,1236666,20.89181582314032
LOAN00521,56896,48756,650448,30,703,3.3626193847318104,Approved,1132426,17.317034507330316
LOAN00522,86175,40809,346242,30,658,5.339871486580403,Approved,1668560,39.69687734768089
LOAN00523,47805,16725,611083,25,316,3.981788067566442,Approved,927766,41.71066748655271
LOAN00524,45237,40760,117633,15,573,7.19157864325658,Approved,1516750,28.95589229794704
LOAN00525,60056,15646,903446,30,415,6.593701147420254,Rejected,691797,32.02982988909852
LOAN00526,85543,17029,966964,20,390,7.4178360325683155,Approved,218653,18.991999964230267
LOAN00527,96556,29402,149104,20,381,3.79835419475207,Rejected,842289,38.02809407924836
LOAN00528,43343,4263,963663,20,623,7.348618163989885,Approved,1590346,32.12428499571581
LOAN00529,53500,30987,168388,20,413,4.656169348957789,Approved,416186,27.622972895429882
LOAN00530,93222,46828,640302,25,357,4.237593976568773,Rejected,1392222,12.103799462743854
LOAN00531,69375,47924,192578,30,453,2.751747634846766,Approved,1497921,42.05772368789038
LOAN00532,49662,8646,789115,15,703,2.763826289298013,Rejected,1946218,31.540799713454213
LOAN00533,56964,27529,664678,30,565,5.960056279733274,Approved,1736880,16.74418831425388
LOAN00534,99638,11664,385855,25,614,4.789644972170139,Rejected,437166,31.22351409440685
LOAN00535,113666,35737,191658,20,340,3.6326081301805284,Approved,1954898,33.71121739839907
LOAN00536,125067,35796,157993,25,404,5.569851531626163,Approved,702226,28.401961783912892
LOAN00537,107215,24027,305768,30,492,3.764290591250556,Rejected,1373326,35.13356082846079
LOAN00538,109042,29373,258285,15,700,5.388158771722113,Rejected,1054603,30.35088817750185
LOAN00539,53284,36397,871148,25,577,4.296043734913452,Rejected,410710,43.17193537112519
LOAN00540,112789,20609,551000,15,653,6.617761133059095,Rejected,1430896,11.87939775097574
LOAN00541,124664,35835,893853,25,555,6.603480803833897,Rejected,998152,13.718599796434617
LOAN00542,133468,38709,842296,15,398,4.886751990612007,Approved,1566234,16.078507293401895
LOAN00543,101389,19250,642015,15,581,4.254095546675078,Approved,862165,34.155987471151626
LOAN00544,49435,21172,998850,20,702,4.3127989827954725,Approved,1855922,32.5958555462433
LOAN00545,94340,11555,628646,15,408,6.52857262834109,Approved,1275054,41.22206010733929
LOAN00546,84078,21874,427252,20,498,4.1408974139880605,Approved,1603953,35.65071085093645
LOAN00547,118832,13081,357681,30,602,3.54529686853423,Approved,1088193,27.792442064760728
LOAN00548,91293,24063,194018,30,626,2.923441709376534,Approved,1325677,44.71411273622706
LOAN00549,135981,6819,486601,20,453,4.833465604422042,Approved,1555419,19.31377846592547
LOAN00550,118781,25712,394054,20,704,4.91066049459921,Approved,1914860,39.16170809249088
LOAN00551,100403,24762,751176,25,761,6.704543552014536,Approved,1693103,24.937663026787178
LOAN00552,69124,11046,329104,25,431,3.60619348223032,Approved,1559993,32.70572986065069
LOAN00553,135435,31463,942186,25,383,4.404956368341999,Rejected,1928244,35.45439646583519
LOAN00554,83919,28769,293510,30,698,6.5420286944684545,Approved,1955064,32.18139305166177
LOAN00555,148761,23150,209847,25,408,6.618118053744867,Approved,738033,14.917755608800764
LOAN00556,75247,2711,544717,15,520,4.423055379893841,Approved,1194385,25.503285376177644
LOAN00557,134758,4853,554162,15,667,4.795620116433405,Approved,1330859,29.650343227659352
LOAN00558,131747,29077,924899,25,446,4.016429454246415,Approved,543445,39.71653157125088
LOAN00559,102752,23863,396037,15,411,7.16277439209656,Approved,1579692,25.52760120795003
LOAN00560,96573,21792,176329,30,793,3.0932188287079017,Approved,591758,42.1561556681488
LOAN00561,99101,40483,131007,15,804,7.16874711500735,Approved,1300065,25.413097805882373
LOAN00562,142756,8942,794892,30,774,5.919332259176716,Approved,706107,29.20729507420541
LOAN00563,66646,48275,416397,20,570,5.157860763433656,Rejected,197779,37.869998902998034
LOAN00564,144185,48594,112323,20,720,2.6632953039224794,Rejected,1936357,30.407368954775027
LOAN00565,63049,1762,997767,20,666,4.877980959110042,Approved,1552964,43.60763253339886
LOAN00566,119605,31987,212356,20,579,4.538740525013662,Approved,739872,33.11175406799447
LOAN00567,138116,15850,735232,15,582,3.306094059875613,Approved,1611742,28.294830892366036
LOAN00568,137379,12112,304451,25,339,5.782048017503285,Approved,1869109,10.825718872327855
LOAN00569,108385,24058,378600,15,488,7.355754536841429,Rejected,1447391,24.48065141531154
LOAN00570,80158,45420,655655,30,463,5.310944055322626,Approved,994464,20.473694674105616
LOAN00571,105417,38890,154624,15,835,6.073766382219729,Rejected,527218,36.183698376062125
LOAN00572,63289,481,503322,15,835,2.842252262830084,Approved,1559993,17.289718630374104
LOAN00573,140793,47304,334565,30,303,4.588334979084974,Rejected,964468,17.182703055292514
LOAN00574,49823,32921,168008,20,589,3.0817924258224796,Approved,1453533,16.633166513308186
LOAN00575,100160,40385,477539,20,732,5.563979177682552,Rejected,1794220,14.396546460468258
LOAN00576,81975,1524,216492,20,770,7.192410791070773,Approved,295364,20.88524512848106
LOAN00577,49540,34888,172240,25,480,5.808888662358193,Approved,677340,41.007274005519875
LOAN00578,56364,15048,426459,30,547,2.884015241572108,Approved,1505097,37.122496530708425
LOAN00579,44611,35111,825947,30,578,4.273331024925414,Approved,1397486,35.733792570737776
LOAN00580,67663,37904,372900,15,553,5.253316897204257,Rejected,479963,37.906788197748696
LOAN00581,91991,34008,561227,25,480,4.5160387806662605,Rejected,1175607,19.42962612653501
LOAN00582,97679,60,398522,20,808,6.668220052375862,Rejected,1345268,41.060459176337076
LOAN00583,144182,9130,235327,25,625,6.573355023549946,Approved,1229037,14.805618129956155
LOAN00584,70977,18023,749991,30,656,5.559155100516107,Rejected,1165930,21.772100435045367
LOAN00585,134704,45080,942981,30,690,4.367289725663526,Approved,1208048,30.536184163857
LOAN00586,89115,13350,265575,15,384,3.7766818688162207,Approved,1005695,13.601678091970022
LOAN00587,131007,24354,960226,15,616,3.0293715910656465,Approved,262036,35.554556572174874
LOAN00588,128223,45186,599499,30,511,4.27448841743277,Approved,338674,23.553611687121624
LOAN00589,100890,28145,593948,20,814,4.565862586038598,Approved,437667,37.454198296294
LOAN00590,106387,34020,407257,20,683,5.8791146255203675,Approved,1884702,27.251369995461097
LOAN00591,58071,20587,698357,25,641,5.790799121487868,Approved,1039694,16.33060835488677
LOAN00592,99275,41131,329189,30,337,2.850540698206285,Rejected,740348,35.71666339743705
LOAN00593,112369,9650,498465,30,810,4.476296577155789,Approved,1469799,18.825038454363025
LOAN00594,51938,19933,351051,20,719,3.4088943360868096,Approved,813759,27.178360544381498
LOAN00595,75195,20581,749829,20,468,3.2840635265840286,Approved,1521446,12.643664420491767
LOAN00596,131680,23393,813936,30,642,6.63651074868623,Approved,1553626,31.625332904421285
LOAN00597,44000,23051,611778,15,605,2.709576083581288,Approved,1477252,33.3050218175697
LOAN00598,110588,26212,880641,30,841,4.5959143795106066,Approved,1059121,23.253597349047425
LOAN00599,141042,49082,371830,30,836,3.341018278832591,Approved,1674149,43.40479731123759
LOAN00600,133610,4090,605629,20,411,6.89665107839237,Approved,193162,40.59591225187239
LOAN00601,143691,6960,415507,20,710,5.285202566375176,Approved,423497,34.777932050899814
LOAN00602,146306,35772,459687,15,505,3.65690318188424,Rejected,262313,34.977822607281
LOAN00603,137856,21520,756021,15,484,5.0121364358318825,Approved,178477,18.834060022975294
LOAN00604,78304,49481,275915,25,681,6.157431798515579,Approved,1878506,32.988533088095714
LOAN00605,109449,36408,719961,30,795,7.2905900445971685,Rejected,236373,16.937219283243188
LOAN00606,122986,28470,554179,20,678,3.602230021227095,Approved,843464,15.040112837193774
LOAN00607,129643,20491,142828,15,346,6.930908860646726,Approved,868730,44.98137629709031
LOAN00608,60764,1341,935036,25,827,7.171520570837451,Rejected,1727415,31.783157601561097
LOAN00609,148940,44623,372670,25,803,7.0821027226603315,Approved,218359,25.08457554300167
LOAN00610,126027,24791,955342,20,321,5.677071784309549,Approved,1646672,20.085758300938295
LOAN00611,78494,338,125592,20,512,5.649103272173539,Approved,1342564,31.13721552817796
LOAN00612,43373,5895,391126,25,609,4.516053165919114,Approved,1324726,11.735772787703015
LOAN00613,52161,12254,886639,15,571,6.26198941151894,Approved,623919,13.313834667667827
LOAN00614,137532,11344,332041,25,501,5.1564700917546595,Approved,1895381,11.149984420913873
LOAN00615,132658,1750,450877,30,331,5.887190356141472,Approved,1508356,27.47094416419316
LOAN00616,140386,2421,854296,30,742,4.6422895192439775,Approved,1665719,31.021232021551388
LOAN00617,67350,39887,224982,20,461,6.157482320215696,Approved,966117,12.18679164752373
LOAN00618,133008,5319,356911,15,553,6.622357588022745,Approved,987566,35.24285636246208
LOAN00619,134297,15896,168619,15,820,3.2321812830140804,Approved,501060,18.063827503009755
LOAN00620,65351,11918,784688,30,779,6.66464857787114,Approved,1306543,33.98205088194531
LOAN00621,128668,25064,408623,25,309,5.201482658951536,Approved,244455,44.3663999012336
LOAN00622,55305,46617,601643,20,804,6.723329545451121,Rejected,1981699,34.188705451884786
LOAN00623,115353,27935,251175,25,735,4.656508531705073,Approved,1659639,40.9117568523263
LOAN00624,116797,37641,270963,25,410,4.395202426915175,Approved,1373981,43.18694773600736
LOAN00625,105953,29711,241826,25,452,7.075303662586112,Approved,389646,27.036286692331043
LOAN00626,97458,4806,855343,15,401,3.7558463377420064,Approved,339937,34.58137427968974
LOAN00627,147112,41360,967869,30,490,6.721061626430716,Rejected,622312,39.81892387445446
LOAN00628,60358,12182,198540,15,380,4.9201028625470205,Approved,986188,22.481311950603512
LOAN00629,43267,22297,959414,30,788,5.070477212756298,Rejected,535007,19.148906079613823
LOAN00630,122745,19541,727035,20,387,4.04234140744742,Approved,211192,43.13095004724185
LOAN00631,129588,28921,286994,20,493,5.365211003095078,Approved,341758,35.42062251290863
LOAN00632,78513,16774,410375,25,403,4.1260559813810564,Approved,985165,17.68887466815392
LOAN00633,66092,44813,129301,30,395,2.696347071208262,Rejected,1433737,25.71791874366397
LOAN00634,51338,37198,322724,30,722,3.85999302672178,Approved,962425,37.87581193382333
LOAN00635,40412,8820,614003,30,497,2.5318952170329534,Approved,1884428,29.147204682145475
LOAN00636,47543,24070,293783,25,300,7.3917739352842835,Approved,1874917,32.748323435806114
LOAN00637,145891,4232,796683,25,706,7.328736049098738,Approved,436287,36.38188707157683
LOAN00638,73496,11122,118752,20,677,4.475776487361525,Rejected,1197635,31.770321608314323
LOAN00639,100692,15023,837565,15,466,6.1418542716982305,Approved,865637,28.902776267276852
LOAN00640,129084,8007,984884,30,808,4.229030492052125,Approved,1305620,36.23649995357207
LOAN00641,132920,17905,768755,30,612,5.85546578542988,Rejected,1703749,35.46470624012703
LOAN00642,84425,41786,317029,15,717,6.527150215229895,Approved,331062,32.04553400641126
LOAN00643,78756,29398,156273,30,776,7.233781223461204,Rejected,1851270,22.592629468367534
LOAN00644,58888,34268,358503,25,372,4.50106137924836,Approved,606104,24.203423227009505
LOAN00645,75735,6737,716166,25,440,6.416489914780239,Approved,219351,43.96534921094341
LOAN00646,87295,36062,891327,30,561,3.829642253160594,Rejected,1689164,13.933507630203405
LOAN00647,123042,25510,219968,25,639,7.451661518968241,Approved,1903935,19.39767210384924
LOAN00648,125999,19426,477844,25,607,2.628847993821756,Approved,384085,27.23406157215175
LOAN00649,57955,37265,700847,30,544,5.517644032505604,Approved,908171,39.285539015032505
LOAN00650,77841,17850,110699,20,814,5.797529908256635,Approved,648095,15.728648230540475
LOAN00651,110640,614,296133,15,636,5.940227785370644,Approved,220309,19.693411634361347
LOAN00652,105510,21776,634003,25,375,3.101937893945445,Rejected,1079950,12.302937622833365
LOAN00653,74911,24077,119169,20,474,7.192648917365652,Approved,836093,34.709484311778645
LOAN00654,99031,9374,618652,25,408,3.405916395250414,Approved,1317732,18.337330241646562
LOAN00655,128726,35435,218413,25,482,5.613767016199205,Rejected,488144,23.60361627348327
LOAN00656,47357,30907,743552,15,491,3.6133803956154247,Approved,1640424,25.529550646038373
LOAN00657,72479,13409,367926,25,364,4.036082085106354,Approved,171576,41.19598774622595
LOAN00658,101476,16514,843537,15,773,5.232292708640622,Approved,1726184,24.39656016159329
LOAN00659,84811,29866,622988,15,399,4.585967092822882,Rejected,816110,15.082875697033717
LOAN00660,76208,2983,224481,15,843,3.3011280048825316,Approved,777290,28.351022841904236
LOAN00661,60150,31705,315400,20,427,3.3546820121042416,Rejected,1383111,43.70352981270204
LOAN00662,111180,20662,659873,30,751,4.590723940813998,Rejected,1225148,31.268997436778385
LOAN00663,83286,23510,917114,20,668,6.286414891377504,Approved,1185865,44.41855271612004
LOAN00664,108450,12651,278936,30,342,6.989823234238942,Approved,1478668,39.43875581286045
LOAN00665,61352,40998,492136,30,718,2.9206383112969143,Rejected,1718690,11.258801467469448
LOAN00666,95069,28535,970848,15,787,4.465519537797006,Approved,790816,33.04398583819646
LOAN00667,54397,6640,548330,25,377,3.001227818614383,Rejected,844186,20.03684071452593
LOAN00668,81555,44547,489954,15,569,2.5829624031629894,Rejected,239051,29.586589947565336
LOAN00669,86959,15317,138067,25,614,5.808593413219783,Approved,964299,19.77708168259293
LOAN00670,40728,7564,798045,30,467,5.512247209832939,Approved,1389879,22.210464581185164
LOAN00671,90517,27345,877622,15,638,3.315095569074431,Rejected,1945292,42.31090491139628
LOAN00672,106234,48288,118073,25,492,3.6690641654653207,Rejected,1980276,17.232511471209683
LOAN00673,79954,28687,136035,20,752,2.618538768222592,Approved,353305,40.593819130904066
LOAN00674,87280,13737,296049,25,582,6.674736028472019,Approved,1505398,11.066023282467388
LOAN00675,119459,9323,333782,15,635,7.3734529802427575,Approved,1997971,13.180678842937693
LOAN00676,56779,15229,714661,20,689,3.177297683973454,Approved,607576,39.91362644844922
LOAN00677,103932,44481,969794,25,824,3.6573760688264905,Approved,723722,32.069461081821835
LOAN00678,112936,8502,714805,25,539,6.84204761973467,Approved,216617,36.15326483138426
LOAN00679,64466,545,689738,25,782,7.1323189897809245,Approved,791857,17.3296184787649
LOAN00680,76939,37114,634670,25,757,4.598136914034052,Approved,1930248,28.797920945653622
LOAN00681,109896,29430,826331,25,388,2.7531123613453707,Approved,1016164,35.80267282499567
LOAN00682,75270,9996,557828,20,394,2.696959168464097,Approved,660874,31.95599479535919
LOAN00683,99163,27788,845715,30,751,5.369749330345052,Approved,1568368,26.509456841192332
LOAN00684,122637,29969,161929,20,727,4.464475544465895,Approved,1280070,43.59243252532002
LOAN00685,91934,48543,857771,20,450,2.6432621378882724,Approved,1942841,33.665506670870585
LOAN00686,104895,13919,852878,20,813,5.416261961562784,Approved,751513,41.771278008443325
LOAN00687,72307,3810,985296,30,675,2.5565126829451126,Approved,232867,35.54196790507884
LOAN00688,94098,30586,767689,15,321,6.4368597907463645,Approved,318600,35.741223500918906
LOAN00689,100921,39974,880965,30,612,4.032164113516858,Rejected,929957,12.800639441518777
LOAN00690,45486,41773,387313,20,818,2.7012900150461605,Approved,1657394,22.581261764888026
LOAN00691,48335,16371,187468,25,505,5.441761104915766,Rejected,1032693,40.04292923518804
LOAN00692,126900,45084,134594,25,674,4.488422072165274,Approved,765036,18.141135175206458
LOAN00693,142795,29629,291703,20,750,7.369002066785748,Approved,404265,14.042705315476317
LOAN00694,129112,8436,145033,25,478,5.220993312518511,Rejected,669493,21.41371198235777
LOAN00695,137203,12984,687421,20,509,3.8761959051850416,Approved,314404,17.715325971241487
LOAN00696,51130,33039,173861,25,799,6.047194323169874,Approved,1060913,42.38508681776043
LOAN00697,127508,19895,807650,30,763,3.8574600127135565,Approved,803817,40.378832470074585
LOAN00698,145955,18155,393894,15,423,7.021216457037825,Approved,1146433,27.488913059901645
LOAN00699,100566,10616,664749,15,412,4.373609852536882,Approved,634353,12.14703560693538
LOAN00700,106703,37129,567016,30,311,5.249342813881026,Approved,414395,35.00968211326047
LOAN00701,67192,39837,178222,30,425,2.752865519121144,Approved,832387,31.81941059676926
LOAN00702,41062,24574,736308,20,630,4.630606189761154,Approved,1295958,43.969413475497355
LOAN00703,124076,3430,910658,20,582,6.661817698304975,Rejected,629767,29.563363409463193
LOAN00704,129780,12676,893153,20,439,6.52824402681671,Approved,159583,21.77378031910183
LOAN00705,61545,10816,644897,25,700,3.6215927942676314,Approved,724675,28.165759275249453
LOAN00706,61689,32733,754801,20,396,3.6303953550528134,Rejected,1483824,44.27421519915807
LOAN00707,51174,20144,303981,30,816,6.586526561066184,Approved,686512,34.37268513865607
LOAN00708,128461,2050,204211,15,368,7.151992100846628,Approved,997056,33.51916482744679
LOAN00709,143033,44460,286321,25,417,2.9768046063650178,Approved,1647850,18.42385564040599
LOAN00710,49348,33933,542111,20,358,4.750293197131127,Approved,1426020,36.026088114621615
LOAN00711,63714,24951,587689,25,332,4.187271394821145,Approved,1096803,36.25951403151201
LOAN00712,78102,32413,960952,25,617,6.853442277287197,Rejected,1539292,21.105114432156686
LOAN00713,114460,34801,556956,20,349,2.9176245734000936,Rejected,1021901,26.92998413367496
LOAN00714,142634,32913,950741,25,788,3.555629712790187,Approved,1665266,20.311116652915963
LOAN00715,129930,47037,129984,15,318,6.262341687932471,Approved,1464861,19.054677461350032
LOAN00716,46801,40600,743235,30,496,2.7564692449060777,Approved,828710,10.90636245873198
LOAN00717,143150,25280,829182,30,749,4.962676903571446,Approved,618298,19.982411062866625
LOAN00718,112267,24557,105901,15,751,4.7105351733986005,Rejected,286149,29.38894824573962
LOAN00719,88136,47054,262624,25,588,4.1720058949437435,Approved,720303,10.05604156421601
LOAN00720,63625,35400,322317,20,440,4.472861576594619,Approved,1138651,19.912667933338362
LOAN00721,122873,4494,393199,25,383,5.149702934651165,Rejected,1126684,40.849361631313755
LOAN00722,140843,15152,793045,15,690,3.3068367919419157,Approved,1370505,30.77770047875763
LOAN00723,112592,23895,245788,25,514,5.359979391417964,Approved,906556,31.275198842834318
LOAN00724,117052,9155,738387,30,825,6.527161646499931,Approved,1389488,24.117750675922363
LOAN00725,84261,31883,635426,25,514,6.300804648950795,Rejected,996334,33.67652502223439
LOAN00726,41542,43194,790658,15,702,3.2694995234688684,Approved,1204153,16.64764681806257
LOAN00727,61677,43001,123429,30,427,3.2462473487073695,Rejected,956434,38.65613836344671
LOAN00728,86732,1828,674488,25,776,3.8408718387245666,Approved,200711,14.084119197756493
LOAN00729,90343,45028,302380,25,703,4.305373631705186,Rejected,713739,32.96004741285883
LOAN00730,79081,41898,541460,30,328,4.542277907042413,Rejected,643027,21.940226403688907
LOAN00731,102856,32123,872577,20,637,5.898486084166726,Approved,854463,36.16295397038669
LOAN00732,133105,37573,345127,30,660,2.7834021608291772,Approved,571863,29.2417592943107
LOAN00733,128858,806,987700,20,691,2.673363521130332,Approved,709119,25.83235634675507
LOAN00734,59065,40970,860801,15,517,4.459552814719546,Approved,1447978,15.929784073263644
LOAN00735,123460,29757,117347,15,501,5.985818460689902,Approved,1954240,32.28875124995235
LOAN00736,128092,34636,772280,30,316,3.467176714782413,Approved,394942,44.11694451971446
LOAN00737,94693,14561,656110,30,621,5.707522406281258,Approved,245119,38.896119871745526
LOAN00738,66962,48280,664396,15,817,3.799140689701497,Approved,1003262,12.100286740615413
LOAN00739,68295,24262,582315,20,624,6.9304305440675815,Approved,1541352,23.16802824264169
LOAN00740,53807,14899,107967,15,711,6.9784497213330825,Approved,973265,42.39540532165951
LOAN00741,82348,48988,997151,30,617,3.9864360214066323,Approved,1966330,27.60653116449575
LOAN00742,66432,15934,636159,15,381,3.6499687698162027,Rejected,898224,33.17391390328627
LOAN00743,123285,38197,325371,30,773,4.556519860331156,Approved,1192137,41.94097709569867
LOAN00744,146995,41844,308524,30,767,3.7026579259007435,Approved,1784418,40.58281416469582
LOAN00745,131792,36332,829630,15,724,5.861919216458518,Rejected,200755,27.563713143917884
LOAN00746,97854,34157,264685,20,503,6.630323422741427,Approved,1085210,25.317620593016073
LOAN00747,80262,11593,652467,25,686,5.865460654556085,Rejected,1351988,21.88924164678555
LOAN00748,77080,40042,351537,15,397,6.621752236246747,Approved,1001426,35.16568051070119
LOAN00749,41324,49976,807548,25,644,4.484960811037371,Approved,1786748,20.044537981504014
LOAN00750,131267,17320,941531,15,507,3.281584853544304,Approved,1020793,18.746066225081506
LOAN00751,75909,27376,659550,25,813,6.189754736987961,Approved,1740346,22.468746311132303
LOAN00752,129339,43513,964645,20,465,4.302372525707769,Approved,1252801,16.202526990757722
LOAN00753,59870,14199,479551,20,321,5.856354126145662,Approved,339921,34.329193558101856
LOAN00754,74578,15876,571082,15,453,3.8532197099088283,Approved,1797718,31.56842272657143
LOAN00755,112124,8245,972701,30,738,2.9061481740333632,Approved,1764120,26.900748694054524
LOAN00756,143605,7214,160545,25,594,7.462908977438817,Approved,390617,23.661402274154412
LOAN00757,66790,726,334555,30,518,3.2810075396529963,Approved,1307297,41.8171890013856
LOAN00758,65289,46600,323894,30,794,7.4421049698174055,Approved,755398,11.019332474618684
LOAN00759,95129,11362,827506,30,529,7.386399662832236,Approved,263606,36.91877102275547
LOAN00760,133714,18297,402066,20,319,6.469090519540198,Rejected,1737514,41.56683501121111
LOAN00761,134246,30448,667201,15,447,5.797114810409988,Approved,1375766,25.622410280047408
LOAN00762,55485,26172,459177,15,407,5.389035251255423,Rejected,1227506,29.274167201472636
LOAN00763,84482,42874,466936,20,702,6.830507726889174,Rejected,891067,43.05622907587133
LOAN00764,126188,7657,350497,20,782,3.9471976080974396,Approved,410102,17.429713034993004
LOAN00765,44748,18850,543057,15,666,4.838406062424385,Approved,1561120,28.20471967246397
LOAN00766,126769,25425,801692,30,713,5.596949846832509,Approved,1472521,26.61523944948745
LOAN00767,49435,26685,585278,25,608,4.555952379347455,Approved,1774224,19.04374267546295
LOAN00768,43709,47319,256104,25,433,4.63743227045134,Approved,297631,38.650763063058776
LOAN00769,70355,24578,793206,25,582,4.151423337510423,Approved,1493054,41.48602081671325
LOAN00770,95771,28831,814834,30,372,5.32115908342268,Approved,386545,37.36764029258731
LOAN00771,97799,7906,144936,15,780,6.75287264007558,Approved,1211864,16.837563629701293
LOAN00772,53116,7287,785154,20,651,3.5076418900315645,Approved,1876334,13.036202242548356
LOAN00773,65470,33660,816948,15,625,7.172165193767207,Approved,1405878,31.19055698568698
LOAN00774,82344,10222,302056,30,742,5.945438268741148,Rejected,1997199,11.998316617845937
LOAN00775,82918,37443,325469,20,399,6.616366063400151,Approved,430195,33.54890609953295
LOAN00776,92224,34701,128141,30,358,5.280953463150058,Approved,1260291,28.564847711453496
LOAN00777,79298,17764,237478,25,807,6.397583507120317,Approved,1209313,33.197500646028224
LOAN00778,148492,44641,197359,25,557,2.581001986697336,Approved,1788004,30.655977077741042
LOAN00779,120219,17674,254363,30,712,6.591902123897676,Approved,1879187,24.794589933451046
LOAN00780,101629,18024,665856,20,751,2.7006942954268327,Approved,1380623,17.03070130490799
LOAN00781,106040,46007,721827,20,364,6.949566881814312,Approved,417291,20.6995747533671
LOAN00782,139518,23874,671139,15,453,7.459813736193216,Approved,1773372,28.357520097664175
LOAN00783,139835,43642,593158,25,565,3.970337310883889,Rejected,1512944,32.81538327766621
LOAN00784,68016,32284,679111,15,378,3.551592781428968,Rejected,1480363,37.2819055909585
LOAN00785,63960,17602,123312,15,614,6.326816819290204,Approved,1499687,36.85097514571713
LOAN00786,73591,37784,527387,30,547,3.765131704601266,Approved,1166354,44.04410601413799
LOAN00787,122848,23265,534995,30,713,6.827811915861018,Approved,253535,20.00445070321933
LOAN00788,143333,25931,824188,15,324,3.0142129607873835,Approved,1197861,12.488874787470287
LOAN00789,107641,28841,600531,25,583,3.1297759818967914,Approved,1151507,22.097992743965072
LOAN00790,76395,29192,985155,30,748,7.395757775503078,Approved,1495528,36.01530663284268
LOAN00791,62700,46542,898843,15,600,5.869194491350023,Rejected,1711014,25.333907786165334
LOAN00792,74620,42520,596037,15,367,6.734436122144764,Approved,872648,38.62259507062968
LOAN00793,143214,15585,349062,15,306,4.12164688675759,Approved,733247,29.226422781510525
LOAN00794,60559,25559,943441,15,436,5.8824187476030225,Approved,545065,42.5427102920676
LOAN00795,133045,40059,508638,15,463,5.471209136542986,Approved,480322,43.17522046996741
LOAN00796,133396,33742,535684,15,382,5.515750600614735,Approved,872496,12.425657710656205
LOAN00797,101642,4133,656659,30,719,5.912662297688608,Rejected,1390388,25.97447038993485
LOAN00798,116539,14663,157022,25,372,5.376795865645493,Approved,1310831,31.33911714373488
LOAN00799,61732,21754,433373,15,536,4.64531184651333,Approved,760610,18.955538928427448
LOAN00800,131362,3972,199071,20,345,3.879613471902734,Approved,1087687,24.24768727826431
LOAN00801,70354,5295,282268,30,561,6.3429066545660095,Approved,1707098,33.71885393911944
LOAN00802,53843,46681,458918,30,475,3.631362150015931,Approved,1199708,17.935697941442648
LOAN00803,111726,41873,589626,15,465,5.9617715307720704,Approved,1892195,31.069347354105837
LOAN00804,57640,29125,388859,30,669,3.6666641132466333,Approved,901972,34.41067398575071
LOAN00805,92528,40996,914037,15,353,5.62665084977227,Rejected,409427,13.167370888355336
LOAN00806,78413,9903,724141,25,718,6.2353913356451445,Approved,1630355,27.413526060960848
LOAN00807,92638,3020,655462,25,806,3.593569444532696,Approved,1684019,19.207801047346678
LOAN00808,92736,41755,597660,30,640,2.7997165043065415,Approved,1831699,35.35352245993156
LOAN00809,147892,20420,176373,30,426,3.1548687149708705,Rejected,292003,16.634442798792918
LOAN00810,146357,21452,955684,20,708,5.529984836355127,Approved,932516,41.22832704383372
LOAN00811,108866,45648,293021,30,666,6.747232031128678,Approved,1796033,25.08294677814144
LOAN00812,59087,38001,293718,20,570,2.724984106177122,Approved,410529,16.930106060764373
LOAN00813,81430,9516,694305,25,678,6.170756295208231,Approved,593855,25.330762872261527
LOAN00814,64504,47327,163037,25,372,4.20659322975026,Approved,403608,24.306031698298476
LOAN00815,47114,49469,714106,15,547,4.892641849597613,Rejected,908673,25.01216358227986
LOAN00816,118859,2396,630836,25,342,7.144297749227828,Approved,864261,30.49464527241064
LOAN00817,139657,18546,741269,20,676,4.159857523679227,Approved,1823281,28.241080371973812
LOAN00818,50975,19129,334213,30,340,4.82668466969743,Approved,1723908,15.242199608831594
LOAN00819,51023,1591,304366,15,469,2.5684120738034055,Rejected,327763,12.29526754263227
LOAN00820,61447,11303,602420,20,511,2.907993600024192,Approved,381807,35.529540705428914
LOAN00821,130469,30561,254249,30,792,3.79295795567392,Approved,174363,29.59011025749097
LOAN00822,63959,6183,386166,15,338,2.639261204105372,Approved,1507414,22.56502688277423
LOAN00823,106203,26572,730585,25,668,5.656876630241255,Approved,544798,38.292523787432586
LOAN00824,69703,34080,760902,20,450,4.631991784008113,Approved,1134348,23.58204659913349
LOAN00825,49337,20695,322084,30,410,5.24072601364011,Approved,1535049,37.858778136021265
LOAN00826,86427,7314,589536,15,779,3.373235929481648,Approved,151620,20.701464462933114
LOAN00827,101529,19623,160428,15,735,3.979660147183081,Approved,1522944,12.549585414081992
LOAN00828,142023,2139,778100,25,346,5.8191223742636256,Approved,1648447,42.64238928299752
LOAN00829,124665,47456,421497,30,665,7.326513618151999,Approved,1293995,23.80928952484806
LOAN00830,145787,31290,737420,25,368,2.752083868011046,Approved,842894,37.744240049728226
LOAN00831,71921,18088,287604,25,598,6.951921604276331,Rejected,1695288,19.770044662780656
LOAN00832,73307,39692,640340,30,595,5.384406006556042,Rejected,1925565,32.62277892432796
LOAN00833,67355,33130,200689,30,502,5.3195978337781185,Rejected,330324,40.56588056402049
LOAN00834,143268,32088,802436,30,360,5.001392676038802,Rejected,1516529,11.457540781899311
LOAN00835,44835,26292,546636,20,613,2.846970429520917,Approved,1745123,39.072251764013124
LOAN00836,60159,46249,756031,30,460,2.9493842586808032,Approved,170655,29.9966551740175
LOAN00837,144346,20670,362307,15,630,5.504560028295431,Approved,1099133,31.261511386799924
LOAN00838,87605,3738,403568,25,827,4.204792857177791,Approved,600400,28.310530028209392
LOAN00839,145616,2469,602754,20,637,7.086340332888403,Approved,1220178,40.60662861492749
LOAN00840,78088,22534,563547,30,603,4.532952686797361,Approved,1022377,11.520167503247311
LOAN00841,118752,48874,503850,20,802,3.2164072935132055,Rejected,816470,19.135993703754686
LOAN00842,95284,49708,235870,30,637,6.07359416751018,Approved,1541538,40.651688860070436
LOAN00843,97043,9017,384564,20,849,3.966767107205049,Approved,1077699,36.33209958861846
LOAN00844,75547,2808,610259,25,574,5.127351536779466,Rejected,675825,10.617580606251204
LOAN00845,137007,49138,744863,25,463,5.98916392752585,Approved,560354,28.095219912339804
LOAN00846,122844,47638,882518,15,742,7.001320556010352,Approved,1979074,28.535043824943617
LOAN00847,67532,12713,391444,15,618,6.46095597400838,Rejected,851562,24.030874729476864
LOAN00848,74349,40329,976313,30,803,5.881805339363621,Approved,321236,20.40876662216964
LOAN00849,85445,2719,110749,25,686,5.898165911975718,Approved,1062977,33.86036976443197
LOAN00850,45713,22890,728419,20,793,7.229623220160432,Approved,239743,17.272666264666384
LOAN00851,96178,11700,780481,20,789,3.97912048748268,Approved,597875,37.96319967250972
LOAN00852,89407,36509,399631,20,372,2.505560470980937,Rejected,1284731,38.10630062686151
LOAN00853,110340,42534,325019,15,808,3.8597727969909936,Approved,1288422,24.53415031504872
LOAN00854,90990,36766,526577,20,689,3.58945689813372,Approved,908795,19.924180381837665
LOAN00855,115672,26705,907655,15,594,5.809172925569991,Approved,1491282,19.935736355674962
LOAN00856,105545,18787,697218,15,668,5.668557998827645,Approved,964468,26.880196339867354
LOAN00857,124791,48845,769416,30,848,5.467306913523619,Rejected,1914688,35.18527286622756
LOAN00858,98141,26588,390524,20,486,2.5812172160472686,Approved,1010665,22.560404184785057
LOAN00859,63793,26123,912467,20,744,6.143890272253238,Approved,757337,31.351517091021304
LOAN00860,96570,33062,917052,25,662,4.1176520624274575,Approved,389647,23.3869561203908
LOAN00861,135084,10177,356553,30,422,5.825279945033156,Approved,1529401,20.658311620298416
LOAN00862,77892,21727,548532,25,487,5.282892142510766,Rejected,439962,10.870083057052796
LOAN00863,41015,30220,819401,30,719,4.213654627139536,Approved,998964,10.136993700738673
LOAN00864,101813,9882,479504,20,551,3.1728813355205387,Approved,1146140,17.952268724120156
LOAN00865,67712,1136,153352,15,848,2.972094488302405,Approved,469849,24.22422003803484
LOAN00866,140497,34832,524127,15,634,6.657591665561117,Rejected,694392,39.794140857672105
LOAN00867,48415,31966,263856,15,391,7.09198771040779,Approved,536480,37.946948502564894
LOAN00868,102292,7009,103191,15,829,5.748940233821498,Rejected,1850768,19.350784190579645
LOAN00869,63833,12987,976968,15,362,3.017170574302417,Approved,1825363,18.558915504450475
LOAN00870,44158,37311,728864,25,811,4.5101360844412035,Rejected,995457,17.95627248745096
LOAN00871,102680,31575,295713,30,438,6.144696000525786,Approved,1950200,21.873306918510345
LOAN00872,60309,1007,542939,20,484,6.399104420050341,Approved,574632,27.436955184658988
LOAN00873,46970,5445,103631,25,504,3.091093111455443,Approved,1371660,25.35337202110514
LOAN00874,112474,10706,237244,30,513,2.500153594226912,Approved,1722732,17.63956195735228
LOAN00875,126704,47517,404224,15,555,6.060685229403025,Rejected,1659837,14.565799348026632
LOAN00876,86540,44486,320169,30,434,4.282980879931028,Rejected,1875336,10.440223437016838
LOAN00877,60384,29257,714641,30,387,3.772406658091301,Approved,1508990,15.388713353327635
LOAN00878,58017,21736,513497,15,506,2.564487348947627,Approved,1401717,34.68747295679414
LOAN00879,115880,42207,652959,15,428,5.201497033807499,Approved,793703,18.5273499270954
LOAN00880,145570,13281,747099,15,302,6.755753677129909,Rejected,1641625,26.401063354252845
LOAN00881,48702,1435,806791,20,420,7.28815823136294,Approved,1393292,30.695540212313563
LOAN00882,40384,33339,321972,15,684,5.328724753066446,Approved,1803070,41.03943159910625
LOAN00883,40404,35150,877499,20,337,5.072306638699471,Approved,1530188,41.10992844376968
LOAN00884,80943,25821,489878,15,640,2.9252819274462056,Approved,1180403,36.10068067884757
LOAN00885,87926,26660,848321,20,320,5.244364007712999,Approved,1389121,11.23049472169755
LOAN00886,69189,5084,608679,30,541,4.399895394826974,Approved,1113313,30.12746466798952
LOAN00887,52763,16661,521818,25,754,5.5356764044178846,Approved,581544,37.53042147910273
LOAN00888,58384,13507,844149,30,602,4.443631739382734,Rejected,1628576,10.605081566717713
LOAN00889,100100,7059,937831,30,368,3.7014956172518336,Approved,1222299,29.23896147798024
LOAN00890,138142,18271,778832,15,428,2.9748263761418823,Approved,997078,40.021745102511034
LOAN00891,49860,45539,804590,20,495,4.074592222944479,Approved,871615,26.593572654479342
LOAN00892,144293,7491,107099,25,439,2.9832241714387613,Rejected,1722938,10.143717101410695
LOAN00893,120642,47295,873974,15,743,3.38448475411992,Approved,1978109,10.38546754174626
LOAN00894,90612,14859,518647,15,582,7.43668079289773,Approved,1487218,24.582261309481268
LOAN00895,63574,8073,680780,15,611,4.720517784533094,Approved,1919458,15.42530335958641
LOAN00896,63524,9077,196722,30,834,5.159358832525083,Approved,1819745,33.255772998264085
LOAN00897,109172,20953,654399,20,576,6.868092643686077,Approved,1612333,34.80797427171539
LOAN00898,50916,11383,163936,20,360,7.477844502453439,Rejected,720217,16.225792841122
LOAN00899,44809,49146,777974,25,618,5.413572246723408,Rejected,273199,41.098665098356975
LOAN00900,72201,2353,323332,20,351,6.562369105220858,Approved,1430101,25.466774574262406
LOAN00901,93330,23821,825836,20,452,4.134705121683377,Approved,1486748,14.999606765717331
LOAN00902,53456,37567,873319,15,610,4.028719787236455,Rejected,179545,36.74880593242884
LOAN00903,96397,49838,423064,15,843,4.513518604972801,Approved,1802433,37.64910750058705
LOAN00904,78765,24860,587510,30,688,5.8625363133682455,Rejected,181673,32.375341543291015
LOAN00905,74816,21195,163530,15,847,5.910958446275494,Approved,574190,39.87129436208936
LOAN00906,85106,11939,529440,15,476,4.0761971732472535,Rejected,602115,35.808054021073495
LOAN00907,93932,25338,369932,15,661,3.166049620683143,Rejected,1614889,40.87720080294467
LOAN00908,57100,21730,652370,15,613,5.661981282327543,Rejected,1038943,25.18608169699178
LOAN00909,97091,21427,713858,30,396,3.1416293109438227,Approved,1553864,36.16589948348049
LOAN00910,61949,35196,725303,15,512,5.39246254114665,Approved,1525544,44.99130472001655
LOAN00911,110080,27083,832176,25,436,5.967110640281545,Rejected,173525,35.37259191318667
LOAN00912,77744,21510,970020,25,305,6.003057481972258,Approved,732092,13.996432308299624
LOAN00913,85543,44064,247603,25,408,6.2673605532979835,Approved,296115,28.141155285021405
LOAN00914,148319,7813,974772,25,846,6.864297107828323,Approved,716134,30.55717269350598
LOAN00915,132193,31598,718727,15,338,4.999794959823943,Rejected,1275837,16.097373627498683
LOAN00916,76187,47182,241214,25,724,6.1512459476478565,Rejected,907600,43.701207196231316
LOAN00917,47239,27570,739341,15,560,5.595863676829183,Approved,650827,16.14529221721157
LOAN00918,54489,27082,672643,30,725,3.433199698988413,Rejected,1382676,16.214527189962798
LOAN00919,98017,29241,503082,25,386,2.628448224347041,Approved,157265,42.03084982910942
LOAN00920,101877,30678,301139,20,764,3.922706928384669,Approved,959195,26.282190159258487
LOAN00921,83125,44569,858994,25,375,4.7151685316880965,Approved,1405300,12.211589774608067
LOAN00922,89922,11745,749714,25,770,5.585529722143281,Approved,165733,30.936562497848502
LOAN00923,134074,26029,688315,15,713,6.749796652516027,Approved,1048628,31.063922202156675
LOAN00924,72049,13025,551122,25,756,3.4812285835308283,Rejected,1813902,12.257526554029663
LOAN00925,77131,36124,259210,20,584,3.1277489494923856,Approved,449564,44.03828734717817
LOAN00926,82944,14288,192601,15,538,7.3173997373716375,Approved,1176281,29.041048785310146
LOAN00927,113963,23650,129956,15,671,3.0402227968820354,Rejected,814607,29.59285027629175
LOAN00928,146884,6540,338340,30,794,4.892455350535946,Approved,608365,28.204039507583808
LOAN00929,64285,32232,729085,30,344,5.427818643966509,Rejected,1219634,31.3756122875617
LOAN00930,77626,16422,569511,25,700,5.206872104537191,Approved,396301,19.25049134708142
LOAN00931,82808,3342,760799,30,546,2.9301607851647162,Rejected,1495649,20.053447179119427
LOAN00932,128464,41846,928965,30,749,2.785134570018097,Approved,1151675,27.896868142864648
LOAN00933,93871,35612,521486,30,784,3.0274171373051786,Rejected,312434,38.23400491672528
LOAN00934,59198,10396,703103,15,317,5.427938419363063,Approved,760777,11.74526017729626
LOAN00935,59758,17482,139279,15,588,5.221724438171606,Approved,1807528,31.119147427708608
LOAN00936,55254,23411,471931,15,713,3.6687039601837212,Rejected,1901292,38.23723498772099
LOAN00937,84238,46766,248702,30,534,5.688870709227958,Approved,227597,15.49210452130295
LOAN00938,41252,13261,161063,15,715,6.600337510278247,Approved,1195384,10.52578896931982
LOAN00939,79764,3093,873887,30,798,2.7078947992329687,Approved,1991049,20.94496532995103
LOAN00940,117709,11722,354311,15,414,4.990649717740212,Approved,228209,30.585029735535937
LOAN00941,77441,22042,752184,15,533,5.946552060513452,Approved,1980973,14.83991106916617
LOAN00942,132234,44413,790504,20,839,3.7615596353484353,Approved,1391517,24.914282984036994
LOAN00943,93682,47851,545377,25,310,4.038854526465745,Approved,1874995,29.33125240809973
LOAN00944,99494,28087,589934,30,505,5.568189514946919,Approved,774152,30.9609083165061
LOAN00945,121317,32347,619089,20,546,6.989676467218684,Approved,298620,19.60441023501313
LOAN00946,105215,33756,846434,15,426,6.549622101514497,Approved,1606870,24.001037259520196
LOAN00947,118587,39214,308432,30,446,5.415651095497918,Approved,1597211,37.241873017364554
LOAN00948,145185,16335,282051,15,417,6.151108588786246,Approved,316562,42.94251429422399
LOAN00949,46949,28602,197661,25,681,4.324112351038993,Approved,357158,40.165811589139004
LOAN00950,147825,48901,797960,20,711,5.7048276404937885,Rejected,789446,29.749922560670115
LOAN00951,95393,34450,552776,25,662,4.830907955637785,Approved,1126264,24.36024810303813
LOAN00952,113553,32196,571256,20,808,3.449680682287805,Approved,1200044,21.65348150299964
LOAN00953,46941,5626,223257,15,436,6.008691369386286,Approved,436453,14.373479812940632
LOAN00954,65934,7424,972637,25,474,5.28232318674411,Approved,1157787,13.729293652563953
LOAN00955,63386,12857,369054,25,588,4.293107909767957,Approved,1270831,34.09251687197802
LOAN00956,101886,44923,933289,15,780,7.056695950393154,Approved,1980942,19.092804565990612
LOAN00957,115745,19982,659252,25,318,2.6046705891336663,Approved,1018331,18.913159025135638
LOAN00958,123251,11425,518443,30,494,4.07886575624748,Approved,1751582,44.9368269067225
LOAN00959,134456,1980,903585,20,629,2.784406988888233,Approved,375409,16.57740852558284
LOAN00960,93413,48290,421909,20,474,6.332636581108136,Approved,389967,15.182091582109038
LOAN00961,96800,26431,854444,20,748,6.010537270568963,Approved,843201,13.45398297159722
LOAN00962,137239,19440,732500,30,653,4.156761093681585,Approved,1141052,30.293187080837864
LOAN00963,82318,41752,663359,20,798,5.878314511035365,Rejected,888925,31.975233910073552
LOAN00964,110173,17175,212990,15,440,4.479686130979749,Approved,1114164,22.782977418990868
LOAN00965,110390,48651,169519,25,392,6.281268957112172,Approved,518697,28.73946674290137
LOAN00966,92329,26385,109503,30,538,4.770918313683531,Rejected,986713,37.59398358307194
LOAN00967,83088,38158,291775,20,504,4.561398639158328,Approved,525595,38.633645891261196
LOAN00968,143196,23019,719745,15,732,7.1736495774415046,Approved,1445689,43.52692265004769
LOAN00969,79811,18639,813226,25,544,3.7543954994535014,Rejected,1985775,38.84937950730061
LOAN00970,95479,19994,247977,25,616,3.1022366999828273,Rejected,1595687,29.76945028510993
LOAN00971,125392,34375,670126,30,594,5.422715566297291,Approved,732314,16.28799380428961
LOAN00972,127369,21563,551495,30,581,7.346609061420894,Approved,1765832,13.491724519599483
LOAN00973,59963,39341,713777,30,316,4.3891960686359335,Approved,1894033,11.907916146880073
LOAN00974,95123,5776,126806,15,370,2.8101838181439076,Rejected,558548,33.32840411248843
LOAN00975,142468,36444,276072,15,568,4.196526336547837,Approved,295693,38.26376893892976
LOAN00976,132705,3380,515384,30,624,5.029658271597793,Approved,1799734,27.803938273942766
LOAN00977,113477,8711,170119,20,604,3.3096150331610685,Rejected,1741038,11.914996119177397
LOAN00978,54388,8782,925146,25,750,5.79051109028246,Approved,1060789,28.741470110696838
LOAN00979,45569,17434,285165,25,306,7.488746945051003,Approved,1035621,42.75122415335927
LOAN00980,109836,46765,941851,15,613,4.758697379907219,Approved,714790,30.916461682636115
LOAN00981,144573,20017,729720,25,402,4.273642783651063,Approved,448818,38.32996209619852
LOAN00982,76586,30707,570641,20,492,4.503520834172333,Rejected,711548,38.00534269371127
LOAN00983,52015,39110,979381,25,828,3.0757308919760056,Approved,1110002,42.62451849232285
LOAN00984,85002,17343,571027,15,470,6.916368007131119,Rejected,1921545,36.95800679774557
LOAN00985,46254,38827,507507,15,836,4.57412827760676,Approved,854824,36.16951799045813
LOAN00986,57144,41652,802164,20,550,4.436372057124206,Approved,746093,18.193593273972418
LOAN00987,64214,5655,963403,20,686,5.798451364652371,Rejected,345991,12.09738043623785
LOAN00988,145654,44859,979903,25,506,4.710167104655618,Approved,1982500,28.11598127688327
LOAN00989,120719,15251,951378,25,840,5.74116734403923,Approved,335541,14.355197278136432
LOAN00990,111774,526,985421,15,715,2.8072314506539375,Approved,167194,43.6768556697297
LOAN00991,46090,3224,184080,20,679,6.568616718611137,Rejected,832171,20.147366692155998
LOAN00992,51637,47837,352791,20,443,7.202519764397013,Approved,1008809,39.85304711845026
LOAN00993,62415,11536,177794,20,324,5.74382693079693,Approved,1853728,23.566861882086076
LOAN00994,64071,28541,392985,25,372,7.272829644294053,Approved,1717529,21.31179874500821
LOAN00995,98243,13547,224447,20,392,3.2571615718498164,Approved,718011,42.73055003318174
LOAN00996,148215,34531,220029,15,804,4.887080947401769,Rejected,1429984,22.71629002301784
LOAN00997,81240,8712,279830,15,635,5.509033669727236,Approved,618451,23.660076803209776
LOAN00998,123807,38565,607942,25,724,5.408683237105933,Approved,1440689,13.71321228645182
LOAN00999,141570,9208,438416,30,798,4.507308895445217,Approved,1274874,33.46563328488783
LOAN01000,73434,5109,661931,25,663,4.190422046831307,Approved,733526,20.109379506712973
